출전시간,평점,득점,도움,슈팅,유효슈팅,블락된 슈팅,벗어난 슈팅,PA내슈팅,PA외슈팅,오프사이드,프리킥,코너킥,스로인,드리블 성공,드리블 성공률(%),Ishome,경합(지상)성공,경합(지상)성공률(%),경합(공중)성공,경합(공중)성공률(%),태클성공,태클성공률(%),클리어링,인터셉트,차단,획득,블락,볼미스,파울,피파울,경고,퇴장,패스성공,패스성공률(%),키패스,공격진영패스성공,공격진영패스성공률(%),중앙지역패스성공,중앙지역패스성공률(%),수비진영패스성공,수비진영패스성공률(%),롱패스성공,롱패스성공률(%),중거리패스성공,중거리패스성공률(%),숏패스성공,숏패스성공률(%),전진패스성공,전진패스성공률(%),횡패스성공,횡패스성공률(%),백패스성공,백패스성공률(%),크로스성공,크로스성공률(%),탈압박,포지션_DF,포지션_FW,포지션_GK,포지션_MF,isWin,번호,선수
95,6.2,0,0,0,0,0,0,0,0,0,6,0,0,0,0.0,1,0,0.0,0,0.0,0,0.0,1,4,0,2,0,0,0,1,0,0,17,55.0,0,0,0.0,0,0,17,56.7,8,36.4,5,100.0,4,100.0,12,46.2,5,100.0,0,0.0,0,0.0,0,0,0,1,0,0,21,양형모
98,7.2,0,0,0,0,0,0,0,0,0,5,0,0,0,0.0,0,0,0.0,0,0.0,0,0.0,1,8,1,0,0,0,0,1,0,0,8,25.0,0,0,0.0,0,0,8,25.0,8,25.0,0,0.0,0,0.0,8,25.0,0,0.0,0,0.0,0,0.0,0,0,0,1,0,1,1,유상훈
98,6.8,0,0,0,0,0,0,0,0,0,1,0,0,0,0.0,1,0,0.0,0,0.0,0,0.0,1,5,0,2,0,0,0,0,0,0,17,89.0,0,0,0.0,0,0,15,88.2,1,33.3,10,100.0,6,100.0,14,87.5,3,100.0,0,0.0,0,0.0,0,0,0,1,0,0,1,김동준
96,6.0,0,0,0,0,0,0,0,0,0,2,0,0,0,0.0,0,0,0.0,0,0.0,0,0.0,0,2,0,0,0,0,0,0,0,0,8,44.0,0,0,0.0,0,0,8,44.4,5,33.3,3,100.0,0,0.0,5,33.3,3,100.0,0,0.0,0,0.0,0,0,0,1,0,0,21,오승훈
97,7.2,0,0,0,0,0,0,0,0,0,5,0,0,0,0.0,1,0,0.0,0,0.0,0,0.0,2,3,0,3,1,0,0,0,0,0,30,88.0,0,0,0.0,0,0,30,90.9,5,55.6,13,100.0,12,100.0,12,80.0,18,94.7,0,0.0,0,0.0,0,0,0,1,0,1,21,양한빈
97,6.4,0,0,0,0,0,0,0,0,0,1,0,0,0,0.0,0,0,0.0,0,0.0,0,0.0,1,4,0,3,0,0,0,0,0,0,17,59.0,0,0,0.0,0,0,17,58.6,2,14.3,12,100.0,3,100.0,6,35.3,11,91.7,0,0.0,0,0.0,0,0,0,1,0,0,34,박지민
98,7.2,0,0,0,0,0,0,0,0,0,3,0,0,0,0.0,0,0,0.0,0,0.0,0,0.0,1,7,0,2,0,0,0,0,0,0,15,45.0,0,0,0.0,0,0,15,45.4,5,21.7,8,100.0,2,100.0,6,25.0,9,100.0,0,0.0,0,0.0,0,0,0,1,0,1,41,김근배
98,6.2,0,0,0,0,0,0,0,0,0,1,0,0,0,0.0,1,0,0.0,0,0.0,0,0.0,1,2,0,3,0,0,0,0,0,0,36,97.0,0,0,0.0,0,0,36,97.3,11,91.7,17,100.0,8,100.0,7,87.5,29,100.0,0,0.0,0,0.0,0,0,0,1,0,0,21,양한빈
97,8.4,0,0,0,0,0,0,0,0,0,2,0,0,0,0.0,1,0,0.0,0,0.0,0,0.0,3,3,0,6,0,0,0,0,0,0,24,69.0,0,0,0.0,0,0,24,70.6,11,50.0,9,100.0,4,100.0,18,62.1,6,100.0,0,0.0,0,0.0,0,0,0,1,0,1,21,김동헌
97,6.6,0,0,0,0,0,0,0,0,0,2,0,0,0,0.0,0,0,0.0,0,0.0,0,0.0,1,3,0,0,0,0,0,0,0,0,15,88.0,0,0,0.0,0,0,15,88.2,4,66.7,6,100.0,5,100.0,8,80.0,7,100.0,0,0.0,0,0.0,0,0,0,1,0,0,25,김정호
97,6.4,0,0,0,0,0,0,0,0,0,2,0,0,0,0.0,0,0,0.0,0,0.0,0,0.0,1,6,0,3,0,0,0,0,0,0,11,46.0,0,0,0.0,0,0,11,45.8,8,40.0,2,66.7,1,100.0,7,35.0,4,100.0,0,0.0,0,0.0,0,0,0,1,0,0,1,유상훈
98,7.4,0,0,0,0,0,0,0,0,0,1,0,0,0,0.0,0,0,0.0,0,0.0,0,0.0,0,7,0,1,0,0,0,0,0,0,41,79.0,0,0,0.0,0,0,41,78.8,3,21.4,20,100.0,18,100.0,11,50.0,30,100.0,0,0.0,0,0.0,0,0,0,1,0,1,21,조현우
98,5.8,0,0,0,0,0,0,0,0,0,1,0,0,0,0.0,1,0,0.0,0,0.0,0,0.0,1,3,0,2,0,0,0,0,0,0,13,81.0,0,0,0.0,0,0,11,78.6,4,57.1,6,100.0,3,100.0,9,75.0,4,100.0,0,0.0,0,0.0,0,0,0,1,0,0,1,김동준
96,6.2,0,0,0,0,0,0,0,0,0,3,0,0,0,0.0,0,0,0.0,0,0.0,0,0.0,2,4,0,0,0,0,0,0,0,0,26,79.0,0,0,0.0,0,0,26,78.8,7,50.0,16,100.0,3,100.0,9,56.2,17,100.0,0,0.0,0,0.0,0,0,0,1,0,0,1,최필수
96,7.2,0,0,0,0,0,0,0,0,0,4,0,0,0,0.0,0,0,0.0,0,0.0,0,0.0,0,5,0,1,0,0,0,1,0,0,11,41.0,0,0,0.0,0,0,11,40.7,4,20.0,3,100.0,4,100.0,7,30.4,4,100.0,0,0.0,0,0.0,0,0,0,1,0,1,1,김동준
94,6.0,0,0,0,0,0,0,0,0,0,2,0,0,0,0.0,0,0,0.0,0,0.0,0,0.0,0,5,0,2,0,0,0,0,0,0,25,78.0,0,0,0.0,0,0,25,78.1,6,46.2,10,100.0,9,100.0,19,73.1,6,100.0,0,0.0,0,0.0,0,0,0,1,0,0,25,구성윤
96,7.2,0,0,0,0,0,0,0,0,0,3,0,0,0,0.0,0,0,0.0,0,0.0,0,0.0,1,4,0,3,0,0,0,1,0,0,16,62.0,0,0,0.0,0,0,16,61.5,4,28.6,9,100.0,3,100.0,10,50.0,6,100.0,0,0.0,0,0.0,0,0,0,1,0,1,31,송범근
96,6.0,0,0,0,0,0,0,0,0,0,1,0,0,0,0.0,1,0,0.0,0,0.0,0,0.0,2,0,0,0,0,0,0,0,0,0,18,100.0,0,0,0.0,0,0,17,100.0,4,100.0,6,100.0,8,100.0,12,100.0,6,100.0,0,0.0,0,0.0,0,0,0,1,0,0,31,송범근
94,7.8,0,0,0,0,0,0,0,0,0,3,0,0,0,0.0,1,0,0.0,0,0.0,1,100.0,0,3,0,1,0,0,0,0,0,0,12,48.0,0,0,0.0,0,0,12,48.0,6,31.6,2,100.0,4,100.0,6,31.6,6,100.0,0,0.0,0,0.0,0,0,0,1,0,1,21,오승훈
94,6.8,0,0,0,0,0,0,0,0,0,1,0,0,0,0.0,0,0,0.0,0,0.0,0,0.0,0,4,0,2,0,0,0,0,0,0,19,68.0,0,0,0.0,0,0,19,67.9,2,22.2,7,77.8,10,100.0,12,60.0,7,87.5,0,0.0,0,0.0,0,0,0,1,0,0,25,구성윤
95,6.0,0,0,0,0,0,0,0,0,0,3,0,0,0,0.0,0,0,0.0,0,0.0,0,0.0,1,2,0,1,0,0,0,0,0,0,17,81.0,0,0,0.0,0,0,17,81.0,9,69.2,4,100.0,4,100.0,16,80.0,1,100.0,0,0.0,0,0.0,0,0,0,1,0,0,21,오승훈
94,7.4,0,0,0,0,0,0,0,0,0,2,0,0,0,0.0,0,0,0.0,0,0.0,0,0.0,2,2,0,4,0,0,0,0,0,0,28,74.0,0,0,0.0,0,0,28,73.7,8,44.4,16,100.0,4,100.0,15,60.0,13,100.0,0,0.0,0,0.0,0,0,0,1,0,1,31,송범근
94,6.0,0,0,0,0,0,0,0,0,0,2,0,0,0,0.0,1,0,0.0,0,0.0,1,100.0,0,3,0,2,0,0,0,0,0,0,23,96.0,0,0,0.0,0,0,22,95.6,1,50.0,14,100.0,8,100.0,17,94.4,6,100.0,0,0.0,0,0.0,0,0,0,1,0,0,21,조현우
95,7.2,0,0,0,0,0,0,0,0,0,2,0,0,0,0.0,0,0,0.0,0,0.0,0,0.0,0,5,0,3,0,0,0,0,0,0,24,71.0,0,0,0.0,0,0,24,70.6,6,37.5,11,100.0,7,100.0,15,60.0,9,100.0,0,0.0,0,0.0,1,0,0,1,0,1,31,송범근
98,6.8,0,0,0,0,0,0,0,0,0,5,0,1,0,0.0,1,0,0.0,0,0.0,0,0.0,0,5,0,2,0,0,0,0,0,0,16,57.0,0,0,0.0,0,0,15,55.6,7,38.9,6,85.7,3,100.0,9,42.9,7,100.0,0,0.0,0,0.0,0,0,0,1,0,0,21,오승훈
96,6.4,0,0,0,0,0,0,0,0,0,2,0,0,0,0.0,0,0,0.0,0,0.0,0,0.0,0,4,0,1,0,0,0,0,0,0,14,54.0,0,0,0.0,0,0,13,52.0,7,43.8,4,57.1,3,100.0,7,38.9,7,87.5,0,0.0,0,0.0,0,0,0,1,0,0,21,양형모
96,5.6,0,0,0,0,0,0,0,0,0,1,0,0,0,0.0,1,0,0.0,0,0.0,0,0.0,0,2,0,0,0,0,0,0,0,0,6,67.0,0,0,0.0,0,0,6,66.7,2,40.0,1,100.0,3,100.0,4,66.7,2,66.7,0,0.0,0,0.0,0,0,0,1,0,0,1,유상훈
97,7.2,0,0,0,0,0,0,0,0,0,4,0,0,0,0.0,0,0,0.0,0,0.0,0,0.0,1,9,0,3,1,0,0,0,0,0,16,55.0,0,0,0.0,0,0,16,55.2,10,43.5,3,100.0,3,100.0,12,48.0,4,100.0,0,0.0,0,0.0,0,0,0,1,0,1,1,김동준
97,6.0,0,0,0,0,0,0,0,0,0,3,0,0,0,0.0,1,0,0.0,0,0.0,0,0.0,1,6,0,2,1,0,0,0,0,0,17,52.0,0,0,0.0,0,0,17,51.5,10,38.5,4,100.0,3,100.0,13,44.8,4,100.0,0,0.0,0,0.0,0,0,0,1,0,0,51,유현
100,5.8,0,0,0,0,0,0,0,0,0,2,0,0,0,0.0,1,0,0.0,0,0.0,0,0.0,3,5,0,3,0,0,0,0,0,0,21,57.0,0,0,0.0,0,0,20,55.6,9,40.9,5,62.5,7,100.0,11,40.7,10,100.0,0,0.0,0,0.0,0,0,0,1,0,0,1,김동준
94,6.4,0,0,0,0,0,0,0,0,0,0,0,0,0,0.0,1,0,0.0,0,0.0,0,0.0,3,1,0,3,1,0,0,0,0,0,27,93.0,0,0,0.0,0,0,27,93.1,10,83.3,11,100.0,6,100.0,4,66.7,23,100.0,0,0.0,0,0.0,0,0,0,1,0,0,1,황인재
97,7.4,0,0,0,0,0,0,0,0,0,8,0,0,0,0.0,1,0,0.0,0,0.0,0,0.0,1,4,0,2,0,0,0,1,0,0,12,38.0,1,0,0.0,0,0,10,34.5,11,37.9,1,33.3,0,0.0,6,24.0,6,85.7,0,0.0,0,0.0,0,0,0,1,0,1,21,오승훈
98,7.4,0,0,0,0,0,0,0,0,0,3,0,0,0,0.0,1,0,0.0,0,0.0,0,0.0,1,7,0,2,0,0,0,0,0,0,20,63.0,0,0,0.0,0,0,20,62.5,15,55.6,3,100.0,2,100.0,16,57.1,4,100.0,0,0.0,0,0.0,0,0,0,1,0,1,21,오승훈
97,7.2,0,0,0,0,0,0,0,0,0,1,0,0,0,0.0,0,0,0.0,0,0.0,0,0.0,0,9,0,2,1,0,0,0,0,0,21,72.0,0,0,0.0,0,0,21,72.4,9,60.0,8,80.0,4,100.0,7,50.0,14,93.3,0,0.0,0,0.0,0,0,0,1,0,1,1,김동준
97,7.2,0,0,0,0,0,0,0,0,0,4,0,0,0,0.0,1,0,0.0,0,0.0,0,0.0,0,4,0,1,0,0,0,1,0,0,20,77.0,0,0,0.0,0,0,20,76.9,9,60.0,5,100.0,6,100.0,7,58.3,13,92.9,0,0.0,0,0.0,0,0,0,1,0,1,1,황인재
95,6.4,0,0,0,0,0,0,0,0,0,4,0,0,0,0.0,1,0,0.0,0,0.0,0,0.0,0,4,1,1,0,0,0,1,0,0,18,64.0,0,0,0.0,0,0,18,64.3,8,44.4,4,100.0,6,100.0,15,60.0,3,100.0,0,0.0,0,0.0,0,0,0,1,0,0,21,김동헌
95,7.2,0,0,0,0,0,0,0,0,0,1,0,0,0,0.0,1,0,0.0,0,0.0,0,0.0,1,3,0,4,0,0,0,1,0,0,5,24.0,0,0,0.0,0,0,5,23.8,5,23.8,0,0.0,0,0.0,5,23.8,0,0.0,0,0.0,0,0.0,0,0,0,1,0,1,1,유상훈
95,6.0,0,0,0,0,0,0,0,0,0,2,0,0,0,0.0,0,0,0.0,0,0.0,1,100.0,1,6,0,5,0,0,0,0,0,0,33,94.0,0,0,0.0,0,0,33,94.3,4,80.0,14,100.0,15,93.8,15,88.2,18,100.0,0,0.0,0,0.0,0,0,0,1,0,0,1,백종범
94,7.2,0,0,0,0,0,0,0,0,0,1,0,0,0,0.0,1,0,0.0,0,0.0,0,0.0,1,4,0,2,0,0,0,0,0,0,21,75.0,0,0,0.0,0,0,21,75.0,5,41.7,8,100.0,8,100.0,15,68.2,6,100.0,0,0.0,0,0.0,0,0,0,1,0,1,1,조수혁
94,6.2,0,0,0,0,0,0,0,0,0,2,0,0,0,0.0,0,0,0.0,0,0.0,0,0.0,0,4,0,1,0,0,0,0,0,0,13,87.0,0,0,0.0,0,0,13,86.7,1,33.3,5,100.0,7,100.0,5,71.4,8,100.0,0,0.0,0,0.0,0,0,0,1,0,0,1,윤평국
98,7.0,0,0,0,0,0,0,0,0,0,1,0,0,0,0.0,0,0,0.0,0,0.0,0,0.0,1,2,1,0,0,0,0,0,0,0,14,64.0,0,0,0.0,0,0,14,63.6,3,27.3,10,100.0,1,100.0,7,46.7,7,100.0,0,0.0,0,0.0,0,0,0,1,0,1,51,유현
98,6.0,0,0,0,0,0,0,0,0,0,2,0,0,0,0.0,1,0,0.0,0,0.0,0,0.0,0,5,0,0,0,0,0,0,0,0,15,75.0,0,0,0.0,0,0,15,75.0,7,58.3,7,100.0,1,100.0,7,58.3,8,100.0,0,0.0,0,0.0,0,0,0,1,0,0,1,유상훈
96,7.2,0,0,0,0,0,0,0,0,0,3,0,0,0,0.0,1,0,0.0,0,0.0,0,0.0,1,5,0,1,0,0,0,1,0,0,12,55.0,0,0,0.0,0,0,12,54.6,8,47.1,2,66.7,2,100.0,6,37.5,6,100.0,0,0.0,0,0.0,0,0,0,1,0,1,41,김영광
96,6.0,0,0,0,0,0,0,0,0,0,3,0,0,0,0.0,0,0,0.0,0,0.0,0,0.0,1,5,0,1,0,0,0,0,0,0,18,72.0,0,0,0.0,0,0,18,72.0,12,66.7,4,80.0,2,100.0,12,63.2,6,100.0,0,0.0,0,0.0,0,0,0,1,0,0,1,박배종
95,6.8,0,0,0,0,0,0,0,0,0,7,0,0,0,0.0,1,0,0.0,0,0.0,0,0.0,1,4,0,4,0,0,0,0,0,0,12,34.0,0,0,0.0,0,0,11,32.4,10,30.3,2,100.0,0,0.0,12,34.3,0,0.0,0,0.0,0,0.0,1,0,0,1,0,1,1,김동준
95,6.2,0,0,0,0,0,0,0,0,0,3,0,0,0,0.0,0,0,0.0,0,0.0,0,0.0,2,6,0,1,0,0,0,0,0,0,21,88.0,0,0,0.0,0,0,21,87.5,3,50.0,9,100.0,9,100.0,16,84.2,5,100.0,0,0.0,0,0.0,0,0,0,1,0,0,31,송범근
95,7.2,0,0,0,0,0,0,0,0,0,3,0,0,0,0.0,0,0,0.0,0,0.0,0,0.0,2,2,0,2,0,0,0,0,0,0,22,79.0,0,0,0.0,0,0,22,78.6,6,50.0,6,100.0,10,100.0,12,66.7,10,100.0,0,0.0,0,0.0,0,0,0,1,0,1,31,강현무
97,7.2,0,0,0,0,0,0,0,0,0,2,0,0,0,0.0,1,0,0.0,0,0.0,0,0.0,2,6,0,0,1,0,0,0,0,0,9,45.0,0,0,0.0,0,0,9,45.0,5,31.2,3,100.0,1,100.0,8,42.1,1,100.0,0,0.0,0,0.0,0,0,0,1,0,1,21,오승훈
97,5.8,0,0,0,0,0,0,0,0,0,1,0,0,0,0.0,0,0,0.0,0,0.0,0,0.0,1,5,0,1,0,0,0,0,0,0,14,64.0,0,0,0.0,0,0,14,63.6,3,30.0,4,80.0,7,100.0,10,55.6,4,100.0,0,0.0,0,0.0,0,0,0,1,0,0,21,양형모
99,5.8,0,0,0,0,0,0,0,0,0,4,0,0,0,0.0,1,0,0.0,0,0.0,0,0.0,0,4,0,0,0,0,0,0,0,0,20,69.0,0,0,0.0,0,0,19,67.9,9,52.9,10,90.9,1,100.0,7,43.8,13,100.0,0,0.0,0,0.0,0,0,0,1,0,0,21,양형모
95,7.6,0,0,0,0,0,0,0,0,0,7,0,0,0,0.0,1,0,0.0,0,0.0,0,0.0,1,6,0,0,0,0,0,0,0,0,21,55.0,0,0,0.0,0,0,21,55.3,10,37.0,7,100.0,4,100.0,18,51.4,3,100.0,0,0.0,0,0.0,0,0,0,1,0,1,25,구성윤
98,6.6,0,0,0,0,0,0,0,0,0,0,0,0,0,0.0,1,0,0.0,0,0.0,0,0.0,0,3,0,1,0,0,0,0,0,0,23,96.0,0,0,0.0,0,0,23,95.8,4,100.0,12,92.3,7,100.0,15,93.8,8,100.0,0,0.0,0,0.0,0,0,0,1,0,0,21,양한빈
99,8.0,0,0,0,0,0,0,0,0,0,5,0,0,0,0.0,1,0,0.0,0,0.0,0,0.0,0,6,0,1,0,0,0,0,0,0,15,60.0,0,0,0.0,0,0,15,60.0,12,54.6,1,100.0,2,100.0,14,58.3,1,100.0,0,0.0,0,0.0,0,0,0,1,0,1,21,양형모
95,7.0,0,0,0,0,0,0,0,0,0,1,0,0,0,0.0,0,0,0.0,0,0.0,0,0.0,0,4,0,2,0,0,0,0,0,0,26,87.0,0,0,0.0,0,0,26,86.7,6,60.0,11,100.0,9,100.0,21,84.0,5,100.0,0,0.0,0,0.0,0,0,0,1,0,0,1,김동준
104,7.0,0,0,0,0,0,0,0,0,0,3,0,0,0,0.0,0,0,0.0,0,0.0,0,0.0,0,8,0,3,1,1,0,0,0,0,10,42.0,0,0,0.0,0,0,10,41.7,6,30.0,4,100.0,0,0.0,9,39.1,1,100.0,0,0.0,0,0.0,0,0,0,1,0,1,21,김동헌
93,6.8,0,0,0,0,0,0,0,0,0,1,0,0,0,0.0,1,0,0.0,0,0.0,0,0.0,0,5,0,2,0,0,0,0,1,0,23,79.0,0,0,0.0,0,0,22,78.6,4,40.0,9,100.0,10,100.0,7,63.6,16,88.9,0,0.0,0,0.0,0,0,0,1,0,1,21,양한빈
94,7.0,0,0,0,0,0,0,0,0,0,6,0,0,0,0.0,0,0,0.0,0,0.0,0,0.0,1,3,0,0,1,0,0,0,0,0,19,76.0,0,0,0.0,0,0,18,75.0,8,57.1,9,100.0,2,100.0,14,70.0,5,100.0,0,0.0,0,0.0,0,0,0,1,0,1,1,박배종
95,6.4,0,0,0,0,0,0,0,0,0,2,0,0,0,0.0,0,0,0.0,0,0.0,0,0.0,1,5,0,3,0,0,0,0,0,0,6,26.0,0,0,0.0,0,0,6,26.1,1,5.6,3,100.0,2,100.0,5,22.7,1,100.0,0,0.0,0,0.0,0,0,0,1,0,0,1,유상훈
94,7.4,0,0,0,0,0,0,0,0,0,5,0,0,0,0.0,1,0,0.0,0,0.0,0,0.0,0,3,0,0,0,1,0,1,0,0,10,45.0,0,0,0.0,0,0,9,42.9,7,36.8,1,100.0,2,100.0,9,42.9,1,100.0,0,0.0,0,0.0,0,0,0,1,0,1,21,김동헌
96,7.6,0,0,0,0,0,0,0,0,0,5,0,0,0,0.0,0,0,0.0,0,0.0,0,0.0,0,0,0,1,0,0,0,2,0,0,14,47.0,0,0,0.0,0,0,14,46.7,9,36.0,4,100.0,1,100.0,9,36.0,5,100.0,0,0.0,0,0.0,0,0,0,1,0,1,41,김영광
101,7.0,0,0,0,0,0,0,0,0,0,1,0,0,0,0.0,0,0,0.0,0,0.0,0,0.0,3,6,0,3,1,0,0,0,0,0,32,94.0,0,0,0.0,0,0,31,93.9,9,81.8,13,100.0,10,100.0,9,81.8,23,100.0,0,0.0,0,0.0,0,0,0,1,0,1,21,양한빈
101,6.2,0,0,0,0,0,0,0,0,0,3,0,0,0,0.0,1,0,0.0,0,0.0,0,0.0,1,0,0,2,1,0,0,1,0,0,8,53.0,0,0,0.0,0,0,8,53.3,5,41.7,1,100.0,2,100.0,2,25.0,6,85.7,0,0.0,0,0.0,0,0,0,1,0,0,31,강현무
97,7.2,0,0,0,0,0,0,0,0,0,5,0,0,0,0.0,0,0,0.0,0,0.0,0,0.0,1,5,0,4,0,0,0,0,0,0,21,70.0,0,0,0.0,0,0,21,72.4,4,30.8,9,100.0,8,100.0,6,40.0,15,100.0,0,0.0,0,0.0,0,0,0,1,0,1,21,조현우
97,6.2,0,0,0,0,0,0,0,0,0,2,0,0,0,0.0,1,0,0.0,0,0.0,0,0.0,0,1,0,1,0,0,0,0,0,0,24,80.0,0,0,0.0,0,0,24,80.0,7,53.8,15,100.0,2,100.0,11,64.7,13,100.0,0,0.0,0,0.0,0,0,0,1,0,0,31,송범근
97,5.8,0,0,0,0,0,0,0,0,0,4,0,0,0,0.0,1,0,0.0,0,0.0,0,0.0,1,5,0,1,0,0,0,0,0,0,21,72.0,0,0,0.0,0,0,21,72.4,6,42.9,9,100.0,6,100.0,15,65.2,6,100.0,0,0.0,0,0.0,0,0,0,1,0,0,1,박배종
100,6.8,0,0,0,0,0,0,0,0,0,3,0,0,0,0.0,0,0,0.0,0,0.0,0,0.0,1,4,0,1,0,0,1,1,0,0,11,52.0,0,0,0.0,0,0,11,52.4,3,23.1,6,100.0,2,100.0,6,37.5,5,100.0,0,0.0,0,0.0,1,0,0,1,0,1,1,김동준
100,6.2,0,0,0,0,0,0,0,0,0,4,0,0,0,0.0,1,0,0.0,0,0.0,0,0.0,0,3,0,1,0,0,0,0,0,0,22,73.0,0,0,0.0,0,0,22,73.3,3,27.3,8,100.0,11,100.0,16,69.6,6,85.7,0,0.0,0,0.0,1,0,0,1,0,0,1,최필수
97,7.2,0,0,0,0,0,0,0,0,0,0,0,0,0,0.0,0,1,100.0,0,0.0,0,0.0,1,7,1,2,0,0,0,0,0,0,28,85.0,0,0,0.0,0,0,28,84.8,4,50.0,16,94.1,8,100.0,11,68.8,17,100.0,0,0.0,0,0.0,0,0,0,1,0,1,21,양한빈
97,6.2,0,0,0,0,0,0,0,0,0,1,0,0,0,0.0,1,0,0.0,0,0.0,1,100.0,2,1,0,1,0,0,0,0,0,0,15,47.0,0,0,0.0,0,0,14,45.2,7,29.2,7,100.0,1,100.0,10,37.0,5,100.0,0,0.0,0,0.0,0,0,0,1,0,0,21,양형모
99,6.8,0,0,0,0,0,0,0,0,0,2,0,0,0,0.0,1,0,0.0,0,0.0,0,0.0,0,8,0,3,0,0,0,0,0,0,26,72.0,0,0,0.0,0,0,25,71.4,6,37.5,11,100.0,9,100.0,22,68.8,4,100.0,0,0.0,0,0.0,0,0,0,1,0,1,1,김동준
99,6.6,0,0,0,0,0,0,0,0,0,1,0,0,0,0.0,0,0,0.0,0,0.0,0,0.0,1,5,0,1,0,0,0,0,0,0,13,76.0,0,0,0.0,0,0,13,76.5,6,60.0,5,100.0,2,100.0,12,75.0,1,100.0,0,0.0,0,0.0,0,0,0,1,0,0,41,김영광
95,5.6,0,0,0,0,0,0,0,0,0,4,0,0,0,0.0,0,0,0.0,0,0.0,0,0.0,1,3,0,0,0,0,0,0,0,0,13,48.0,0,0,0.0,0,0,13,48.2,5,26.3,5,100.0,3,100.0,10,41.7,3,100.0,0,0.0,0,0.0,0,0,0,1,0,0,27,이범영
97,7.0,0,0,0,0,0,0,0,0,0,2,0,0,0,0.0,0,0,0.0,0,0.0,0,0.0,0,4,0,1,0,0,0,0,0,0,22,71.0,0,0,0.0,0,0,22,71.0,5,38.5,12,92.3,5,100.0,16,64.0,6,100.0,0,0.0,0,0.0,0,0,0,1,0,1,21,조현우
97,6.6,0,0,0,0,0,0,0,0,0,5,0,0,0,0.0,1,0,0.0,0,0.0,0,0.0,1,7,0,2,0,0,0,0,0,0,22,71.0,0,0,0.0,0,0,22,71.0,10,52.6,11,100.0,1,100.0,17,65.4,5,100.0,0,0.0,0,0.0,0,0,0,1,0,0,1,박배종
97,7.2,0,0,0,0,0,0,0,0,0,2,0,0,0,0.0,1,0,0.0,0,0.0,0,0.0,1,3,0,0,0,0,0,0,0,0,20,59.0,0,0,0.0,0,0,20,58.8,5,26.3,10,100.0,5,100.0,10,41.7,10,100.0,0,0.0,0,0.0,0,0,0,1,0,1,21,양형모
97,6.6,0,0,0,0,0,0,0,0,0,2,0,0,0,0.0,0,0,0.0,0,0.0,0,0.0,0,3,0,0,0,0,0,0,0,0,9,41.0,0,0,0.0,0,0,9,40.9,4,23.5,3,100.0,2,100.0,6,31.6,3,100.0,0,0.0,0,0.0,0,0,0,1,0,0,41,김영광
96,7.4,0,0,0,0,0,0,0,0,0,4,0,0,0,0.0,1,0,0.0,0,0.0,0,0.0,1,6,0,1,0,0,0,0,0,0,21,72.0,0,0,0.0,0,0,21,72.4,8,50.0,7,100.0,6,100.0,12,60.0,9,100.0,0,0.0,0,0.0,0,0,0,1,0,1,25,구성윤
96,6.4,0,0,0,0,0,0,0,0,0,1,0,0,0,0.0,0,0,0.0,0,0.0,0,0.0,1,2,0,1,0,0,0,0,0,0,6,46.0,0,0,0.0,0,0,6,46.2,3,30.0,0,0.0,3,100.0,5,41.7,1,100.0,0,0.0,0,0.0,0,0,0,1,0,0,1,윤평국
98,7.4,0,0,0,0,0,0,0,0,0,1,0,0,0,0.0,0,0,0.0,0,0.0,0,0.0,0,6,0,1,1,0,0,0,1,0,16,57.0,0,0,0.0,0,0,16,57.1,6,33.3,7,100.0,3,100.0,12,50.0,4,100.0,0,0.0,0,0.0,0,0,0,1,0,1,31,강현무
98,6.2,0,0,0,0,0,0,0,0,0,6,0,0,0,0.0,1,0,0.0,0,0.0,0,0.0,0,1,0,1,0,0,0,1,0,0,17,71.0,0,0,0.0,0,0,17,70.8,10,58.8,6,100.0,1,100.0,12,63.2,5,100.0,0,0.0,0,0.0,0,0,0,1,0,0,21,양형모
94,7.8,0,0,0,0,0,0,0,0,0,5,0,0,0,0.0,0,0,0.0,0,0.0,0,0.0,0,4,0,4,0,0,0,0,0,0,23,58.0,0,0,0.0,0,0,23,57.5,4,20.0,15,93.8,4,100.0,9,34.6,14,100.0,0,0.0,0,0.0,0,0,0,1,0,1,21,조현우
97,7.2,0,0,0,0,0,0,0,0,0,5,0,0,0,0.0,1,0,0.0,0,0.0,0,0.0,1,2,1,1,0,0,0,0,0,0,7,28.0,0,0,0.0,0,0,7,28.0,5,22.7,1,50.0,1,100.0,5,22.7,2,66.7,0,0.0,0,0.0,0,0,0,1,0,1,41,김영광
96,6.0,0,0,0,0,0,0,0,0,0,2,0,0,0,0.0,0,0,0.0,0,0.0,0,0.0,0,4,0,3,0,0,0,0,0,0,14,82.0,0,0,0.0,0,0,14,87.5,2,40.0,7,100.0,5,100.0,12,80.0,2,100.0,0,0.0,0,0.0,0,0,0,1,0,0,31,유연수
97,6.6,0,0,0,0,0,0,0,0,0,3,0,0,0,0.0,1,0,0.0,0,0.0,1,100.0,0,3,0,1,0,0,0,0,0,0,25,71.0,0,0,0.0,0,0,25,75.8,11,52.4,6,100.0,8,100.0,17,63.0,8,100.0,0,0.0,0,0.0,1,0,0,1,0,0,1,김동준
97,5.6,0,0,0,0,0,0,0,0,0,6,0,0,0,0.0,0,0,0.0,0,0.0,0,0.0,0,4,0,2,0,0,0,0,0,0,21,81.0,0,0,0.0,0,0,21,80.8,1,16.7,10,100.0,10,100.0,15,75.0,6,100.0,0,0.0,0,0.0,0,0,0,1,0,0,1,박배종
94,6.6,0,0,0,0,0,0,0,0,0,0,0,0,0,0.0,0,0,0.0,0,0.0,0,0.0,0,4,0,6,0,0,0,0,0,0,9,41.0,0,0,0.0,0,0,9,40.9,4,25.0,4,80.0,1,100.0,7,35.0,2,100.0,0,0.0,0,0.0,0,0,0,1,0,0,23,민성준
95,7.0,0,0,0,0,0,0,0,0,0,3,0,0,0,0.0,0,0,0.0,0,0.0,0,0.0,2,5,0,3,0,0,0,0,0,0,35,85.0,0,0,0.0,0,0,35,85.4,11,64.7,16,100.0,8,100.0,5,45.4,30,100.0,0,0.0,0,0.0,0,0,0,1,0,1,12,김정훈
96,5.8,0,0,0,0,0,0,0,0,0,2,0,0,0,0.0,1,0,0.0,0,0.0,0,0.0,1,5,0,2,0,0,0,0,0,0,21,81.0,0,0,0.0,0,0,20,80.0,9,75.0,7,77.8,5,100.0,5,55.6,16,94.1,0,0.0,0,0.0,0,0,0,1,0,0,21,양형모
97,7.6,0,0,0,0,0,0,0,0,0,3,0,0,0,0.0,0,0,0.0,0,0.0,0,0.0,0,4,0,1,0,0,0,0,0,0,9,45.0,0,0,0.0,0,0,9,45.0,5,31.2,2,100.0,2,100.0,8,42.1,1,100.0,0,0.0,0,0.0,0,0,0,1,0,1,1,유상훈
97,6.2,0,0,0,0,0,0,0,0,0,2,0,0,0,0.0,1,0,0.0,0,0.0,0,0.0,1,1,0,2,0,0,0,0,0,0,9,53.0,0,0,0.0,0,0,9,56.2,6,42.9,2,100.0,1,100.0,8,50.0,1,100.0,0,0.0,0,0.0,0,0,0,1,0,0,41,김영광
96,7.4,0,0,0,0,0,0,0,0,0,2,0,0,0,0.0,1,0,0.0,0,0.0,0,0.0,2,5,0,2,0,0,0,0,0,0,8,28.0,0,0,0.0,0,0,8,27.6,7,26.9,1,33.3,0,0.0,6,24.0,2,50.0,0,0.0,0,0.0,0,0,0,1,0,1,1,박배종
97,7.2,0,0,0,0,0,0,0,0,0,1,0,0,0,0.0,0,0,0.0,0,0.0,0,0.0,0,2,0,1,0,0,0,0,0,0,17,74.0,0,0,0.0,0,0,17,73.9,5,45.4,9,100.0,3,100.0,10,62.5,7,100.0,0,0.0,0,0.0,0,0,0,1,0,1,31,송범근
97,6.8,0,0,0,0,0,0,0,0,0,0,0,0,0,0.0,1,0,0.0,0,0.0,0,0.0,0,3,0,1,0,0,0,0,0,0,16,84.0,0,0,0.0,0,0,16,84.2,4,57.1,4,100.0,8,100.0,11,78.6,5,100.0,0,0.0,0,0.0,0,0,0,1,0,0,41,김영광
97,6.8,0,0,0,0,0,0,0,0,0,3,0,0,0,0.0,1,0,0.0,0,0.0,0,0.0,1,6,0,2,1,0,0,0,0,0,20,77.0,0,0,0.0,0,0,19,76.0,10,66.7,5,83.3,5,100.0,8,61.5,12,92.3,0,0.0,0,0.0,0,0,0,1,0,0,41,김근배
95,6.8,0,0,0,0,0,0,0,0,0,3,0,0,0,0.0,1,0,0.0,0,0.0,0,0.0,3,5,0,2,0,1,0,0,0,0,9,45.0,0,0,0.0,0,0,9,45.0,8,44.4,0,0.0,1,100.0,8,42.1,1,100.0,0,0.0,0,0.0,0,0,0,1,0,1,1,유상훈
95,6.0,0,0,0,0,0,0,0,0,0,9,0,0,0,0.0,0,0,0.0,0,0.0,0,0.0,1,7,0,1,0,0,0,0,0,0,13,48.0,0,0,0.0,0,0,13,52.0,9,39.1,1,100.0,3,100.0,11,44.0,2,100.0,0,0.0,0,0.0,0,0,0,1,0,0,21,오승훈
94,7.2,0,0,0,0,0,0,0,0,0,5,0,0,0,0.0,1,0,0.0,0,0.0,0,0.0,5,4,1,3,0,0,0,0,0,0,16,70.0,0,0,0.0,0,0,16,69.6,10,58.8,1,100.0,5,100.0,15,68.2,1,100.0,0,0.0,0,0.0,0,0,0,1,0,1,1,유상훈
94,6.8,0,0,0,0,0,0,0,0,0,3,0,0,0,0.0,0,0,0.0,0,0.0,0,0.0,1,0,0,3,0,0,0,0,0,0,16,59.0,0,0,0.0,0,0,15,60.0,10,47.6,5,100.0,1,100.0,13,54.2,3,100.0,0,0.0,0,0.0,0,0,0,1,0,0,41,김영광
97,6.0,0,0,0,0,0,0,0,0,0,3,0,0,0,0.0,1,0,0.0,0,0.0,0,0.0,0,2,0,1,0,0,0,0,0,0,25,89.0,0,0,0.0,0,0,25,89.3,11,78.6,7,100.0,7,100.0,9,81.8,16,94.1,0,0.0,0,0.0,0,0,0,1,0,0,21,조현우
97,6.0,0,0,0,0,0,0,0,0,0,2,0,0,0,0.0,0,0,0.0,0,0.0,0,0.0,2,9,0,1,0,0,0,0,0,0,56,90.0,0,0,0.0,0,0,56,90.3,6,50.0,31,100.0,19,100.0,27,81.8,29,100.0,0,0.0,0,0.0,0,0,0,1,0,0,21,양한빈
97,5.8,0,0,0,0,0,0,0,0,0,4,0,0,0,0.0,1,0,0.0,0,0.0,0,0.0,2,4,0,3,0,0,0,1,0,0,18,78.0,0,0,0.0,0,0,18,78.3,2,28.6,8,100.0,8,100.0,9,64.3,9,100.0,0,0.0,0,0.0,0,0,0,1,0,0,21,김동헌
96,7.0,0,0,0,0,0,0,0,0,0,7,0,0,0,0.0,0,0,0.0,0,0.0,0,0.0,0,5,0,1,0,0,0,0,0,0,13,48.0,0,0,0.0,0,0,12,46.2,10,41.7,3,100.0,0,0.0,8,38.1,5,83.3,0,0.0,0,0.0,0,0,0,1,0,1,21,양형모
95,6.0,0,0,0,0,0,0,0,0,0,5,0,0,0,0.0,0,0,0.0,0,0.0,0,0.0,3,0,0,0,0,0,0,0,0,0,13,54.0,0,0,0.0,0,0,13,54.2,4,26.7,7,100.0,2,100.0,9,45.0,4,100.0,0,0.0,0,0.0,0,0,0,1,0,0,1,최필수
96,7.2,0,0,0,0,0,0,0,0,0,1,0,0,0,0.0,0,0,0.0,0,0.0,0,0.0,1,5,0,3,0,0,0,0,0,0,34,94.0,0,0,0.0,0,0,34,94.4,4,66.7,19,100.0,11,100.0,20,90.9,14,100.0,0,0.0,0,0.0,0,0,0,1,0,1,31,송범근
96,6.0,0,0,0,0,0,0,0,0,0,5,0,0,0,0.0,1,0,0.0,0,0.0,0,0.0,1,7,0,2,0,0,0,0,0,0,10,29.0,0,0,0.0,0,0,10,29.4,8,25.0,1,100.0,1,100.0,9,27.3,1,100.0,0,0.0,0,0.0,0,0,0,1,0,0,1,박배종
94,7.0,0,0,0,0,0,0,0,0,0,2,0,0,0,0.0,1,0,0.0,0,0.0,0,0.0,3,6,0,2,1,0,0,0,0,0,15,52.0,0,0,0.0,0,0,15,53.6,7,33.3,6,100.0,2,100.0,9,39.1,6,100.0,0,0.0,0,0.0,0,0,0,1,0,1,31,강현무
96,6.8,0,0,0,0,0,0,0,0,0,2,0,0,0,0.0,1,0,0.0,0,0.0,0,0.0,1,4,0,2,0,0,0,0,0,0,19,73.0,0,0,0.0,0,0,19,73.1,7,50.0,10,100.0,2,100.0,11,61.1,8,100.0,0,0.0,0,0.0,0,0,0,1,0,0,41,김영광
97,6.4,0,0,0,0,0,0,0,0,0,1,0,0,0,0.0,0,0,0.0,0,0.0,0,0.0,1,3,0,1,0,0,0,0,0,0,18,78.0,0,0,0.0,0,0,17,77.3,1,16.7,6,100.0,11,100.0,11,68.8,7,100.0,0,0.0,0,0.0,0,0,0,1,0,0,25,구성윤
96,7.2,0,0,0,0,0,0,0,0,0,3,0,0,0,0.0,1,0,0.0,0,0.0,0,0.0,2,9,0,2,0,0,0,0,0,0,26,70.0,0,0,0.0,0,0,26,70.3,11,52.4,12,92.3,3,100.0,9,50.0,17,89.5,0,0.0,0,0.0,0,0,0,1,0,1,31,강현무
94,7.2,0,0,0,0,0,0,0,0,0,4,0,0,0,0.0,0,0,0.0,0,0.0,0,0.0,3,4,0,1,0,0,0,0,0,0,22,69.0,0,0,0.0,0,0,22,68.8,8,44.4,9,100.0,5,100.0,14,58.3,8,100.0,0,0.0,0,0.0,0,0,0,1,0,1,31,송범근
97,7.0,0,0,0,0,0,0,0,0,0,2,0,0,0,0.0,0,0,0.0,0,0.0,0,0.0,2,8,0,1,2,0,0,0,0,0,25,68.0,0,0,0.0,0,0,25,67.6,8,42.1,12,92.3,5,100.0,15,55.6,10,100.0,0,0.0,0,0.0,0,0,0,1,0,1,31,송범근
97,6.0,0,0,0,0,0,0,0,0,0,1,0,0,0,0.0,1,0,0.0,0,0.0,0,0.0,0,9,0,2,0,0,0,0,0,0,19,73.0,0,0,0.0,0,0,19,73.1,2,22.2,9,100.0,8,100.0,9,56.2,10,100.0,0,0.0,0,0.0,0,0,0,1,0,0,1,윤평국
96,7.0,0,0,0,0,0,0,0,0,0,0,0,0,0,0.0,0,0,0.0,0,0.0,0,0.0,0,3,0,3,0,0,0,0,0,0,15,60.0,1,0,0.0,0,0,15,60.0,8,47.1,5,83.3,2,100.0,13,56.5,2,100.0,0,0.0,0,0.0,0,0,0,1,0,0,21,김동헌
95,5.8,0,0,0,0,0,0,0,0,0,1,0,0,0,0.0,0,0,0.0,0,0.0,0,0.0,0,1,0,1,0,0,0,0,0,0,24,96.0,0,0,0.0,0,0,24,96.0,9,90.0,9,100.0,6,100.0,3,75.0,21,100.0,0,0.0,0,0.0,0,0,0,1,0,0,21,양형모
94,7.4,0,0,0,0,0,0,0,0,0,3,0,0,0,0.0,0,0,0.0,0,0.0,0,0.0,1,3,0,2,1,0,0,0,0,0,34,81.0,0,0,0.0,0,0,34,81.0,7,46.7,16,100.0,11,100.0,17,68.0,17,100.0,0,0.0,0,0.0,0,0,0,1,0,1,25,구성윤
94,6.0,0,0,0,0,0,0,0,0,0,1,0,0,0,0.0,1,0,0.0,0,0.0,0,0.0,1,3,0,0,0,0,0,0,0,0,17,85.0,0,0,0.0,0,0,17,85.0,9,75.0,2,100.0,6,100.0,17,85.0,0,0.0,0,0.0,0,0.0,0,0,0,1,0,0,41,김영광
98,7.0,0,0,0,0,0,0,0,0,0,5,0,0,0,0.0,0,0,0.0,0,0.0,0,0.0,1,5,0,3,1,0,0,0,0,0,11,44.0,0,0,0.0,0,0,10,41.7,9,39.1,2,100.0,0,0.0,10,41.7,1,100.0,0,0.0,0,0.0,0,0,0,1,0,1,21,오승훈
98,6.0,0,0,0,0,0,0,0,0,0,0,0,0,0,0.0,1,0,0.0,0,0.0,0,0.0,1,2,0,0,0,0,0,0,0,0,24,96.0,0,0,0.0,0,0,24,96.0,4,80.0,10,100.0,10,100.0,22,95.6,2,100.0,0,0.0,0,0.0,0,0,0,1,0,0,19,노동건
97,5.8,0,0,0,0,0,0,0,0,0,0,0,0,0,0.0,0,0,0.0,0,0.0,0,0.0,1,4,0,2,0,0,0,0,0,0,20,95.0,0,0,0.0,0,0,20,95.2,3,75.0,12,100.0,5,100.0,13,92.9,7,100.0,0,0.0,0,0.0,0,0,0,1,0,0,21,양형모
96,6.8,0,0,0,0,0,0,0,0,0,2,0,0,0,0.0,0,0,0.0,0,0.0,0,0.0,2,1,0,2,0,0,0,0,0,0,14,56.0,0,0,0.0,0,0,14,56.0,10,47.6,4,100.0,0,0.0,11,50.0,3,100.0,0,0.0,0,0.0,0,0,0,1,0,1,21,양형모
97,6.2,0,0,0,0,0,0,0,0,0,2,0,0,0,0.0,0,0,0.0,0,0.0,0,0.0,2,4,0,0,0,0,0,0,0,0,8,57.0,0,0,0.0,0,0,8,57.1,3,33.3,4,100.0,1,100.0,6,50.0,2,100.0,0,0.0,0,0.0,0,0,0,1,0,0,41,김영광
96,7.6,0,0,0,0,0,0,0,0,0,1,0,0,0,0.0,1,0,0.0,0,0.0,0,0.0,0,1,0,4,0,1,0,0,0,0,38,88.0,0,0,0.0,0,0,38,88.4,12,70.6,11,100.0,15,100.0,11,68.8,27,100.0,0,0.0,0,0.0,0,0,0,1,0,1,21,조현우
99,7.0,0,0,0,0,0,0,0,0,0,2,0,0,0,0.0,0,0,0.0,0,0.0,0,0.0,0,4,0,0,0,0,0,0,0,0,19,68.0,0,0,0.0,0,0,19,67.9,7,43.8,8,100.0,4,100.0,14,60.9,5,100.0,0,0.0,0,0.0,0,0,0,1,0,1,1,김동준
99,5.8,0,0,0,0,0,0,0,0,0,1,0,0,0,0.0,1,0,0.0,0,0.0,0,0.0,0,6,0,1,0,0,1,0,0,0,24,75.0,0,0,0.0,0,0,24,75.0,4,36.4,18,94.7,2,100.0,10,55.6,14,100.0,0,0.0,0,0.0,0,0,0,1,0,0,31,강현무
94,6.8,0,0,0,0,0,0,0,0,0,1,0,0,0,0.0,1,0,0.0,0,0.0,0,0.0,2,4,0,2,1,0,0,0,0,0,39,85.0,0,0,0.0,0,0,39,84.8,7,53.8,22,95.6,10,100.0,14,70.0,25,96.2,0,0.0,0,0.0,0,0,0,1,0,0,21,양한빈
95,6.8,0,0,0,0,0,0,0,0,0,4,0,0,0,0.0,1,0,0.0,0,0.0,0,0.0,0,3,0,2,0,0,0,0,0,0,24,86.0,0,0,0.0,0,0,24,85.7,11,73.3,3,100.0,10,100.0,20,83.3,4,100.0,0,0.0,0,0.0,0,0,0,1,0,1,31,송범근
94,5.8,0,0,0,0,0,0,0,0,0,2,0,0,0,0.0,0,0,0.0,0,0.0,0,0.0,0,2,0,1,0,0,0,0,0,0,6,27.0,0,0,0.0,0,0,6,27.3,6,27.3,0,0.0,0,0.0,6,27.3,0,0.0,0,0.0,0,0.0,0,0,0,1,0,0,1,유상훈
98,6.4,0,0,0,0,0,0,0,0,0,0,0,2,0,0.0,1,0,0.0,0,0.0,0,0.0,1,6,0,6,1,0,0,0,0,0,30,88.0,0,0,0.0,0,0,26,86.7,11,73.3,15,100.0,4,100.0,8,66.7,22,100.0,0,0.0,0,0.0,0,0,0,1,0,0,1,김동준
94,6.0,0,0,0,0,0,0,0,0,0,2,0,0,0,0.0,0,0,0.0,0,0.0,0,0.0,1,5,0,2,0,0,0,0,0,0,19,66.0,0,0,0.0,0,0,18,64.3,4,28.6,7,100.0,8,100.0,11,52.4,8,100.0,0,0.0,0,0.0,0,0,0,1,0,0,1,윤평국
96,5.8,0,0,0,0,0,0,0,0,0,2,0,0,0,0.0,1,0,0.0,0,0.0,0,0.0,1,8,0,2,0,0,0,0,0,0,24,92.0,0,0,0.0,0,0,24,92.3,4,66.7,12,100.0,8,100.0,14,87.5,10,100.0,0,0.0,0,0.0,0,0,0,1,0,0,27,이범영
96,7.6,0,0,0,0,0,0,0,0,0,2,0,0,0,0.0,0,0,0.0,0,0.0,0,0.0,1,5,2,4,0,0,0,0,0,0,24,80.0,0,0,0.0,0,0,24,80.0,12,70.6,9,90.0,3,100.0,15,71.4,9,100.0,0,0.0,0,0.0,0,0,0,1,0,1,41,김근배
94,6.4,0,0,0,0,0,0,0,0,0,2,0,0,0,0.0,1,0,0.0,0,0.0,0,0.0,0,6,0,2,0,0,0,1,0,0,21,84.0,0,0,0.0,0,0,21,84.0,5,62.5,5,83.3,11,100.0,9,69.2,12,100.0,0,0.0,0,0.0,0,0,0,1,0,0,41,김영광
97,7.6,0,0,0,0,0,0,0,0,0,6,0,0,0,0.0,1,0,0.0,0,0.0,0,0.0,1,3,0,1,0,0,0,0,0,0,15,50.0,0,0,0.0,0,0,15,50.0,10,40.0,4,100.0,1,100.0,13,46.4,2,100.0,0,0.0,0,0.0,0,0,0,1,0,1,1,박배종
97,6.0,0,0,0,0,0,0,0,0,0,2,0,0,0,0.0,0,0,0.0,0,0.0,0,0.0,0,8,0,3,1,0,0,0,0,0,32,84.0,0,0,0.0,0,0,31,83.8,10,62.5,14,100.0,8,100.0,17,73.9,15,100.0,0,0.0,0,0.0,0,0,0,1,0,0,41,김영광
94,7.2,0,0,0,0,0,0,0,0,0,3,0,0,0,0.0,1,0,0.0,0,0.0,0,0.0,3,3,0,0,1,0,0,0,0,0,10,42.0,0,0,0.0,0,0,10,41.7,3,17.6,4,100.0,3,100.0,6,30.0,4,100.0,0,0.0,0,0.0,0,0,0,1,0,1,1,윤평국
96,6.0,0,0,0,0,0,0,0,0,0,0,0,0,0,0.0,0,0,0.0,0,0.0,0,0.0,0,5,0,3,1,0,0,0,0,0,22,92.0,0,0,0.0,0,0,22,91.7,0,0.0,10,100.0,12,100.0,16,88.9,6,100.0,0,0.0,0,0.0,0,0,0,1,0,0,25,구성윤
95,6.4,0,0,0,0,0,0,0,0,0,1,0,0,0,0.0,0,0,0.0,0,0.0,0,0.0,1,5,0,1,1,0,0,0,0,0,16,73.0,0,0,0.0,0,0,16,72.7,5,45.4,5,100.0,6,100.0,11,64.7,5,100.0,0,0.0,0,0.0,0,0,0,1,0,0,1,황인재
70,7.0,0,0,0,0,0,0,0,0,0,2,0,0,0,0.0,0,0,0.0,0,0.0,0,0.0,0,0,0,1,0,0,0,1,0,0,8,47.0,0,0,0.0,0,0,8,47.1,6,40.0,1,100.0,1,100.0,6,40.0,2,100.0,0,0.0,0,0.0,0,0,0,1,0,1,21,양형모
96,7.2,0,0,0,0,0,0,0,0,0,1,0,0,0,0.0,1,0,0.0,0,0.0,0,0.0,1,4,0,1,0,0,0,0,0,0,18,86.0,0,0,0.0,0,0,18,85.7,4,57.1,8,100.0,6,100.0,5,62.5,13,100.0,0,0.0,0,0.0,0,0,0,1,0,1,21,양한빈
96,6.6,0,0,0,0,0,0,0,0,0,5,0,0,0,0.0,0,0,0.0,0,0.0,0,0.0,2,5,0,0,0,0,0,0,0,0,10,36.0,0,0,0.0,0,0,10,35.7,9,34.6,1,50.0,0,0.0,7,28.0,3,100.0,0,0.0,0,0.0,0,0,0,1,0,0,41,김영광
97,7.0,0,0,0,0,0,0,0,0,0,8,0,0,0,0.0,0,0,0.0,0,0.0,0,0.0,3,7,0,4,0,0,0,0,0,0,11,32.0,0,0,0.0,0,0,10,31.2,9,28.1,2,100.0,0,0.0,10,30.3,1,100.0,0,0.0,0,0.0,0,0,0,1,0,0,41,김영광
94,7.4,0,0,0,0,0,0,0,0,0,4,0,0,0,0.0,1,0,0.0,0,0.0,0,0.0,0,5,0,2,0,0,0,0,0,0,18,51.0,0,0,0.0,0,0,18,51.4,4,19.0,12,100.0,2,100.0,12,41.4,6,100.0,0,0.0,0,0.0,0,0,0,1,0,1,1,황인재
95,5.2,0,0,0,0,0,0,0,0,0,0,0,0,0,0.0,0,0,0.0,0,0.0,0,0.0,2,4,0,2,0,0,0,0,0,0,18,72.0,0,0,0.0,0,0,18,72.0,7,50.0,9,100.0,2,100.0,2,25.0,16,94.1,0,0.0,0,0.0,0,0,0,1,0,0,31,강현무
95,6.0,0,0,0,0,0,0,0,0,0,7,0,0,0,0.0,0,0,0.0,0,0.0,0,0.0,1,3,0,1,0,0,0,0,0,0,9,35.0,0,0,0.0,0,0,9,34.6,7,29.2,2,100.0,0,0.0,9,34.6,0,0.0,0,0.0,0,0.0,0,0,0,1,0,0,51,유현
98,7.0,0,0,0,0,0,0,0,0,0,2,0,0,0,0.0,1,0,0.0,0,0.0,0,0.0,3,4,0,1,0,0,0,0,0,0,27,96.0,0,0,0.0,0,0,27,96.4,6,85.7,16,100.0,5,100.0,9,90.0,18,100.0,0,0.0,0,0.0,0,0,0,1,0,1,21,양형모
97,8.2,0,0,0,0,0,0,0,0,0,3,0,0,0,0.0,1,0,0.0,0,0.0,0,0.0,0,4,0,1,0,0,0,0,0,0,7,35.0,0,0,0.0,0,0,7,35.0,4,23.5,1,100.0,2,100.0,5,27.8,2,100.0,0,0.0,0,0.0,0,0,0,1,0,1,1,유상훈
94,6.0,0,0,0,0,0,0,0,0,0,3,0,0,0,0.0,0,0,0.0,0,0.0,0,0.0,3,8,0,1,0,0,0,0,0,0,14,50.0,0,0,0.0,0,0,14,50.0,9,40.9,2,66.7,3,100.0,13,48.2,1,100.0,0,0.0,0,0.0,0,0,0,1,0,0,1,유상훈
99,7.0,0,0,0,0,0,0,0,0,0,0,0,0,0,0.0,1,0,0.0,0,0.0,0,0.0,1,4,0,0,2,0,0,0,0,0,20,71.0,1,5,71.4,0,0,15,71.4,3,27.3,9,100.0,8,100.0,10,62.5,8,100.0,2,50.0,0,0.0,0,0,0,1,0,1,31,송범근
99,6.6,0,0,0,0,0,0,0,0,0,1,0,0,0,0.0,0,0,0.0,0,0.0,0,0.0,0,3,0,0,0,0,0,0,0,0,5,28.0,0,0,0.0,0,0,5,27.8,2,13.3,0,0.0,3,100.0,3,18.8,2,100.0,0,0.0,0,0.0,0,0,0,1,0,0,1,유상훈
96,6.0,0,0,0,0,0,0,0,0,0,4,0,0,0,0.0,0,0,0.0,0,0.0,0,0.0,1,5,0,0,0,0,0,0,0,0,15,52.0,0,0,0.0,0,0,15,51.7,7,33.3,6,100.0,2,100.0,8,36.4,7,100.0,0,0.0,0,0.0,0,0,0,1,0,0,1,윤평국
100,7.0,0,0,0,0,0,0,0,0,0,2,0,0,0,0.0,1,0,0.0,0,0.0,0,0.0,1,5,0,1,0,0,0,0,0,0,10,48.0,0,0,0.0,0,0,10,47.6,4,26.7,2,100.0,4,100.0,9,45.0,1,100.0,0,0.0,0,0.0,0,0,0,1,0,0,21,김동헌
98,7.4,0,0,0,0,0,0,0,0,0,6,0,0,0,0.0,0,0,0.0,0,0.0,0,0.0,5,7,0,2,0,0,0,2,1,0,5,14.0,0,0,0.0,0,0,5,13.9,5,13.9,0,0.0,0,0.0,5,13.9,0,0.0,0,0.0,0,0.0,0,0,0,1,0,1,41,김영광
92,5.2,0,0,0,0,0,0,0,0,0,5,0,0,0,0.0,0,0,0.0,0,0.0,1,100.0,0,6,0,4,0,0,0,0,0,0,8,40.0,0,0,0.0,0,0,8,40.0,4,25.0,3,100.0,1,100.0,6,33.3,2,100.0,0,0.0,0,0.0,0,0,0,1,0,0,1,유상훈
94,9.2,0,0,0,0,0,0,0,0,0,2,0,0,0,0.0,1,0,0.0,0,0.0,0,0.0,0,2,0,5,0,0,0,0,0,0,24,80.0,0,0,0.0,0,0,24,80.0,12,66.7,7,100.0,5,100.0,9,60.0,15,100.0,0,0.0,0,0.0,0,0,0,1,0,1,21,조현우
96,6.6,0,0,0,0,0,0,0,0,0,6,0,0,0,0.0,0,0,0.0,0,0.0,0,0.0,2,4,0,1,0,0,0,0,0,0,12,34.0,0,0,0.0,0,0,12,35.3,6,20.7,4,100.0,2,100.0,8,25.8,4,100.0,0,0.0,0,0.0,0,0,0,1,0,0,1,유상훈
102,7.2,0,0,0,0,0,0,0,0,0,6,0,0,0,0.0,0,0,0.0,0,0.0,0,0.0,1,10,0,6,2,0,0,0,0,0,28,65.0,0,0,0.0,0,0,26,63.4,14,48.3,10,100.0,4,100.0,19,55.9,9,100.0,0,0.0,0,0.0,0,0,0,1,0,1,1,김동준
102,6.2,0,0,0,0,0,0,0,0,0,1,0,0,0,0.0,1,0,0.0,0,0.0,0,0.0,1,6,0,0,0,0,0,0,0,0,27,93.0,0,0,0.0,0,0,26,92.9,8,80.0,8,100.0,11,100.0,12,85.7,15,100.0,0,0.0,0,0.0,0,0,0,1,0,0,21,양형모
100,6.4,0,0,0,0,0,0,0,0,0,0,0,0,0,0.0,1,0,0.0,0,0.0,0,0.0,2,2,0,1,0,0,0,0,0,0,11,41.0,0,0,0.0,0,0,11,40.7,6,30.0,4,66.7,1,100.0,8,33.3,3,100.0,0,0.0,0,0.0,0,0,0,1,0,0,1,김동준
103,7.0,0,0,0,0,0,0,0,0,0,0,0,0,0,0.0,0,0,0.0,0,0.0,0,0.0,3,5,0,1,0,0,0,0,0,0,21,72.0,0,0,0.0,0,0,21,72.4,5,38.5,12,100.0,4,100.0,16,66.7,5,100.0,0,0.0,0,0.0,0,0,0,1,0,1,1,김정훈
101,6.2,0,0,0,0,0,0,0,0,0,1,0,0,0,0.0,1,0,0.0,0,0.0,0,0.0,1,2,0,6,0,0,0,0,0,0,18,95.0,0,0,0.0,0,0,18,94.7,1,50.0,9,100.0,8,100.0,15,93.8,3,100.0,0,0.0,0,0.0,0,0,0,1,0,0,1,이창근
104,7.0,0,0,0,0,0,0,0,0,0,3,0,0,0,0.0,0,0,0.0,0,0.0,1,100.0,1,5,0,3,0,0,0,0,0,0,30,77.0,0,0,0.0,0,0,30,76.9,6,40.0,13,100.0,11,100.0,11,55.0,19,100.0,0,0.0,0,0.0,0,0,0,1,0,1,13,정민기
104,6.6,0,0,0,0,0,0,0,0,0,2,0,0,0,0.0,1,0,0.0,0,0.0,0,0.0,0,4,0,3,0,0,0,0,0,0,33,89.0,0,0,0.0,0,0,33,89.2,2,40.0,20,95.2,11,100.0,16,80.0,17,100.0,0,0.0,0,0.0,0,0,0,1,0,0,1,백종범
100,7.2,0,0,0,0,0,0,0,0,0,5,0,0,0,0.0,0,0,0.0,0,0.0,0,0.0,4,2,0,0,0,0,0,0,0,0,14,58.0,0,0,0.0,0,0,14,60.9,6,37.5,6,100.0,2,100.0,9,47.4,5,100.0,0,0.0,0,0.0,0,0,0,1,0,1,1,김경민
100,6.0,0,0,0,0,0,0,0,0,0,0,0,0,0,0.0,1,0,0.0,0,0.0,0,0.0,0,3,0,4,0,0,0,0,0,0,36,90.0,0,0,0.0,0,0,34,91.9,7,63.6,18,100.0,11,100.0,18,81.8,18,100.0,0,0.0,0,0.0,0,0,0,1,0,0,21,조현우
97,7.4,0,0,0,0,0,0,0,0,0,2,0,0,0,0.0,0,0,0.0,0,0.0,0,0.0,3,1,0,2,0,0,0,0,0,0,13,87.0,0,0,0.0,0,0,13,86.7,2,50.0,8,100.0,3,100.0,8,80.0,5,100.0,0,0.0,0,0.0,0,0,0,1,0,1,1,김경민
97,6.2,0,0,0,0,0,0,0,0,0,1,0,0,0,0.0,1,0,0.0,0,0.0,0,0.0,1,3,0,3,0,0,0,0,0,0,26,72.0,0,0,0.0,0,0,26,72.2,8,44.4,14,100.0,4,100.0,16,61.5,10,100.0,0,0.0,0,0.0,0,0,0,1,0,0,1,박배종
101,7.2,0,0,0,0,0,0,0,0,0,8,0,0,0,0.0,1,0,0.0,0,0.0,0,0.0,1,3,0,2,1,0,0,1,0,0,16,53.0,0,0,0.0,0,0,15,51.7,12,46.2,3,100.0,1,100.0,13,48.2,3,100.0,0,0.0,0,0.0,0,0,0,1,0,1,21,양형모
98,7.0,0,0,0,0,0,0,0,0,0,1,0,0,0,0.0,0,0,0.0,0,0.0,0,0.0,0,3,0,4,0,0,0,0,0,0,23,72.0,0,0,0.0,0,0,23,71.9,15,62.5,4,100.0,4,100.0,20,69.0,3,100.0,0,0.0,0,0.0,0,0,0,1,0,1,1,김동준
98,6.4,0,0,0,0,0,0,0,0,0,5,0,0,0,0.0,1,0,0.0,0,0.0,0,0.0,1,3,0,2,0,0,0,0,0,0,15,56.0,0,0,0.0,0,0,15,55.6,12,50.0,3,100.0,0,0.0,12,50.0,3,100.0,0,0.0,0,0.0,0,0,0,1,0,0,1,유상훈
97,7.2,0,0,0,0,0,0,0,0,0,5,0,0,0,0.0,1,0,0.0,0,0.0,1,100.0,3,1,0,3,1,0,0,0,1,0,20,56.0,0,0,0.0,0,0,20,55.6,13,44.8,4,100.0,3,100.0,20,55.6,0,0.0,0,0.0,0,0.0,0,0,0,1,0,1,1,이창근
97,6.8,0,0,0,0,0,0,0,0,0,2,0,0,0,0.0,0,0,0.0,0,0.0,0,0.0,4,2,0,6,1,0,0,0,0,0,20,74.0,0,0,0.0,0,0,20,74.1,4,40.0,10,100.0,6,85.7,10,58.8,10,100.0,0,0.0,0,0.0,0,0,0,1,0,0,17,노동건
99,5.6,0,0,0,0,0,0,0,0,0,3,0,0,0,0.0,1,0,0.0,0,0.0,0,0.0,2,2,0,2,0,0,0,0,0,0,24,89.0,0,0,0.0,0,0,23,88.5,4,57.1,14,100.0,6,100.0,19,86.4,5,100.0,0,0.0,0,0.0,0,0,0,1,0,0,1,김동준
97,6.6,0,0,0,0,0,0,0,0,0,7,0,0,0,0.0,0,0,0.0,0,0.0,0,0.0,2,2,0,8,0,0,0,1,0,0,31,84.0,0,0,0.0,0,0,31,83.8,8,57.1,13,100.0,10,100.0,20,76.9,11,100.0,0,0.0,0,0.0,0,0,0,1,0,0,1,김동준
99,7.0,0,0,0,0,0,0,0,0,0,0,0,0,0,0.0,1,0,0.0,0,0.0,0,0.0,2,7,0,3,0,0,0,0,0,0,16,67.0,0,0,0.0,0,0,16,66.7,9,52.9,4,100.0,3,100.0,11,57.9,5,100.0,0,0.0,0,0.0,0,0,0,1,0,1,1,김동헌
99,6.0,0,0,0,0,0,0,0,0,0,1,0,0,0,0.0,0,0,0.0,0,0.0,0,0.0,1,2,0,7,0,0,0,0,0,0,18,82.0,0,0,0.0,0,0,18,81.8,3,42.9,4,100.0,11,100.0,14,77.8,4,100.0,0,0.0,0,0.0,0,0,0,1,0,0,1,이창근
100,6.0,0,0,0,0,0,0,0,0,0,0,0,0,0,0.0,1,0,0.0,0,0.0,0,0.0,1,1,0,3,0,0,0,0,0,0,15,88.0,0,0,0.0,0,0,15,93.8,4,66.7,5,100.0,6,100.0,12,85.7,3,100.0,0,0.0,0,0.0,0,0,0,1,0,0,13,정민기
114,7.2,0,0,0,0,0,0,0,0,0,5,0,0,0,0.0,0,0,0.0,0,0.0,0,0.0,2,2,0,1,0,0,0,1,0,0,15,54.0,0,0,0.0,0,0,15,53.6,7,35.0,4,100.0,4,100.0,10,43.5,5,100.0,0,0.0,0,0.0,0,0,0,1,0,1,1,김동헌
114,6.8,0,0,0,0,0,0,0,0,0,2,0,0,0,0.0,1,0,0.0,0,0.0,0,0.0,3,2,0,4,0,2,0,1,0,0,22,85.0,0,0,0.0,0,0,22,84.6,5,55.6,11,100.0,6,100.0,15,79.0,7,100.0,0,0.0,0,0.0,0,0,0,1,0,0,17,노동건
100,7.6,0,0,0,0,0,0,0,0,0,4,0,0,0,0.0,0,0,0.0,0,0.0,0,0.0,0,2,0,1,0,0,0,1,0,0,22,69.0,0,0,0.0,0,0,22,68.8,9,47.4,6,100.0,7,100.0,13,56.5,9,100.0,0,0.0,0,0.0,0,0,0,1,0,1,1,김경민
100,6.0,0,0,0,0,0,0,0,0,0,1,0,0,0,0.0,1,0,0.0,0,0.0,0,0.0,0,0,0,2,0,0,0,0,0,0,23,92.0,0,0,0.0,0,0,23,92.0,1,33.3,12,100.0,10,100.0,17,89.5,6,100.0,0,0.0,0,0.0,0,0,0,1,0,0,21,최철원
103,7.8,0,0,0,0,0,0,0,0,0,3,0,0,0,0.0,0,0,0.0,0,0.0,0,0.0,2,12,0,2,0,0,1,2,1,0,11,42.0,0,0,0.0,0,0,11,42.3,8,34.8,1,100.0,2,100.0,9,37.5,2,100.0,0,0.0,0,0.0,0,0,0,1,0,1,1,김동헌
103,6.2,0,0,0,0,0,0,0,0,0,2,0,0,0,0.0,1,0,0.0,0,0.0,0,0.0,0,0,0,7,0,0,0,0,0,0,20,91.0,0,0,0.0,0,0,20,90.9,2,50.0,8,100.0,10,100.0,16,88.9,4,100.0,0,0.0,0,0.0,0,0,0,1,0,0,21,최철원
102,6.2,0,0,0,0,0,0,0,0,0,2,0,0,0,0.0,0,0,0.0,0,0.0,0,0.0,1,4,0,6,1,0,0,1,0,0,9,41.0,0,0,0.0,0,0,9,40.9,6,33.3,2,66.7,1,100.0,5,27.8,4,100.0,0,0.0,0,0.0,0,0,0,1,0,0,21,오승훈
98,7.0,0,0,0,0,0,0,0,0,0,2,0,0,0,0.0,1,0,0.0,0,0.0,0,0.0,1,2,0,4,0,0,0,0,0,0,22,85.0,0,0,0.0,0,0,22,84.6,6,66.7,8,88.9,8,100.0,13,76.5,9,100.0,0,0.0,0,0.0,0,0,0,1,0,1,1,김정훈
98,5.8,0,0,0,0,0,0,0,0,0,4,0,0,0,0.0,0,0,0.0,0,0.0,0,0.0,1,6,0,2,0,0,0,0,0,0,21,70.0,0,0,0.0,0,0,21,70.0,10,55.6,6,85.7,5,100.0,14,60.9,7,100.0,0,0.0,0,0.0,0,0,0,1,0,0,1,박배종
101,7.0,0,0,0,0,0,0,0,0,0,6,0,0,0,0.0,1,0,0.0,0,0.0,0,0.0,4,1,0,6,0,0,0,1,0,0,19,54.0,0,0,0.0,0,0,19,57.6,2,11.1,10,100.0,7,100.0,8,33.3,11,100.0,0,0.0,0,0.0,0,0,0,1,0,0,23,민성준
97,7.0,0,0,0,0,0,0,0,0,0,3,0,0,0,0.0,1,0,0.0,0,0.0,0,0.0,1,2,0,1,0,0,0,0,0,0,16,59.0,0,0,0.0,0,0,16,59.3,10,47.6,4,100.0,2,100.0,11,50.0,5,100.0,0,0.0,0,0.0,0,0,0,1,0,1,1,이창근
97,6.0,0,0,0,0,0,0,0,0,0,0,0,0,0,0.0,0,0,0.0,0,0.0,0,0.0,1,4,0,4,1,0,0,0,0,0,30,86.0,0,0,0.0,0,0,30,85.7,14,73.7,12,100.0,4,100.0,19,79.2,11,100.0,0,0.0,0,0.0,0,0,0,1,0,0,1,백종범
98,7.2,0,0,0,0,0,0,0,0,0,0,0,0,0,0.0,0,0,0.0,0,0.0,0,0.0,1,3,0,3,0,0,0,0,0,0,26,100.0,0,0,0.0,0,0,25,100.0,5,100.0,14,100.0,7,100.0,16,100.0,10,100.0,0,0.0,0,0.0,0,0,0,1,0,1,21,조현우
104,7.2,0,0,0,0,0,0,0,0,0,1,0,0,0,0.0,0,0,0.0,0,0.0,0,0.0,1,3,0,5,0,0,0,0,0,0,19,79.0,0,0,0.0,0,0,19,79.2,3,37.5,5,100.0,11,100.0,13,72.2,6,100.0,0,0.0,0,0.0,0,0,0,1,0,1,1,백종범
101,6.0,0,0,0,0,0,0,0,0,0,1,0,0,0,0.0,0,0,0.0,0,0.0,0,0.0,0,2,0,3,0,0,0,1,0,0,18,72.0,0,0,0.0,0,0,18,72.0,4,36.4,7,100.0,7,100.0,12,63.2,6,100.0,0,0.0,0,0.0,0,0,0,1,0,0,1,김정훈
98,6.6,0,0,0,0,0,0,0,0,0,2,0,0,0,0.0,0,0,0.0,0,0.0,0,0.0,0,4,0,1,0,0,0,0,0,0,17,77.0,0,0,0.0,0,0,17,77.3,7,58.3,5,100.0,5,100.0,16,76.2,1,100.0,0,0.0,0,0.0,0,0,0,1,0,0,1,김동헌
97,7.0,0,0,0,0,0,0,0,0,0,2,0,0,0,0.0,0,0,0.0,0,0.0,0,0.0,1,0,0,4,0,0,0,0,0,0,16,59.0,0,0,0.0,0,0,16,59.3,8,42.1,4,100.0,4,100.0,9,45.0,7,100.0,0,0.0,0,0.0,0,0,0,1,0,1,13,정민기
97,6.6,0,0,0,0,0,0,0,0,0,0,0,0,0,0.0,1,0,0.0,0,0.0,0,0.0,0,3,0,2,0,0,0,0,0,0,20,91.0,0,0,0.0,0,0,20,90.9,2,50.0,8,100.0,10,100.0,15,88.2,5,100.0,0,0.0,0,0.0,0,0,0,1,0,0,1,김경민
103,6.4,0,0,0,0,0,0,0,0,0,1,0,0,0,0.0,1,0,0.0,0,0.0,0,0.0,0,5,1,5,1,1,0,0,0,0,21,66.0,0,0,0.0,0,0,21,65.6,5,31.2,6,100.0,10,100.0,11,50.0,10,100.0,0,0.0,0,0.0,0,0,0,1,0,0,1,김정훈
101,6.8,0,0,0,0,0,0,0,0,0,4,0,0,0,0.0,1,0,0.0,0,0.0,0,0.0,0,3,0,5,1,0,0,1,0,0,25,61.0,0,0,0.0,0,0,25,61.0,10,38.5,4,100.0,11,100.0,19,54.3,6,100.0,0,0.0,0,0.0,0,0,0,1,0,0,17,노동건
99,7.2,0,0,0,0,0,0,0,0,0,2,0,0,0,0.0,1,0,0.0,0,0.0,0,0.0,0,5,0,3,0,0,0,0,0,0,21,68.0,0,0,0.0,0,0,21,70.0,4,28.6,9,100.0,8,100.0,9,47.4,12,100.0,0,0.0,0,0.0,0,0,0,1,0,1,1,김정훈
99,5.6,0,0,0,0,0,0,0,0,0,1,0,0,0,0.0,0,0,0.0,0,0.0,0,0.0,0,1,0,4,0,0,0,0,0,0,22,73.0,0,0,0.0,0,0,22,73.3,6,42.9,10,100.0,6,100.0,11,57.9,11,100.0,0,0.0,0,0.0,0,0,0,1,0,0,21,조현우
100,7.2,0,0,0,0,0,0,0,0,0,7,0,0,0,0.0,1,0,0.0,0,0.0,0,0.0,1,1,0,7,0,0,0,0,0,0,33,83.0,0,0,0.0,0,0,32,82.0,8,53.3,10,100.0,15,100.0,18,75.0,15,93.8,0,0.0,0,0.0,0,0,0,1,0,1,21,양형모
49,6.4,0,0,0,0,0,0,0,0,0,0,0,0,0,0.0,0,0,0.0,0,0.0,0,0.0,1,2,0,1,0,0,0,0,0,0,7,44.0,0,0,0.0,0,0,7,43.8,1,10.0,4,100.0,2,100.0,4,30.8,3,100.0,0,0.0,0,0.0,0,0,0,1,0,0,1,김동준
97,6.8,0,0,0,0,0,0,0,0,0,1,0,0,0,0.0,0,0,0.0,0,0.0,0,0.0,0,6,0,4,0,0,0,0,0,0,18,55.0,0,0,0.0,0,0,18,54.6,3,16.7,9,100.0,6,100.0,10,40.0,8,100.0,0,0.0,0,0.0,0,0,0,1,0,0,1,김경민
96,6.2,0,0,0,0,0,0,0,0,0,1,0,0,0,0.0,1,0,0.0,0,0.0,0,0.0,1,2,0,1,0,0,0,1,0,0,15,100.0,0,0,0.0,0,0,15,100.0,0,0.0,9,100.0,6,100.0,12,100.0,3,100.0,0,0.0,0,0.0,0,0,0,1,0,0,1,김경민
100,7.0,0,0,0,0,0,0,0,0,0,4,0,0,0,0.0,0,0,0.0,0,0.0,0,0.0,3,5,0,6,0,0,0,0,0,0,21,50.0,0,0,0.0,0,0,21,50.0,9,30.0,6,100.0,6,100.0,18,46.2,3,100.0,0,0.0,0,0.0,0,0,0,1,0,1,1,이창근
100,6.0,0,0,0,0,0,0,0,0,0,0,0,0,0,0.0,1,0,0.0,0,0.0,0,0.0,3,5,0,3,0,0,0,0,0,0,12,60.0,0,0,0.0,0,0,12,60.0,9,52.9,1,100.0,2,100.0,9,52.9,3,100.0,0,0.0,0,0.0,0,0,0,1,0,0,1,유상훈
99,7.0,0,0,0,0,0,0,0,0,0,4,0,0,0,0.0,1,0,0.0,0,0.0,0,0.0,0,7,0,5,0,0,0,0,0,0,24,59.0,0,0,0.0,0,0,24,58.5,10,37.0,7,100.0,7,100.0,14,45.2,10,100.0,0,0.0,0,0.0,0,0,0,1,0,1,21,양형모
103,7.2,0,0,0,0,0,0,0,0,0,6,0,0,0,0.0,0,0,0.0,0,0.0,0,0.0,5,3,0,2,1,0,0,0,0,0,3,12.0,0,0,0.0,0,0,2,8.3,3,11.5,0,0.0,0,0.0,3,11.5,0,0.0,0,0.0,0,0.0,0,0,0,1,0,1,31,이광연
103,6.2,0,0,0,0,0,0,0,0,0,3,0,0,0,0.0,1,0,0.0,0,0.0,0,0.0,1,3,0,1,0,0,0,0,0,0,14,70.0,0,0,0.0,0,0,14,70.0,2,25.0,8,100.0,4,100.0,8,57.1,6,100.0,0,0.0,0,0.0,0,0,0,1,0,0,1,김정훈
102,7.0,0,0,0,0,0,0,0,0,0,4,0,0,0,0.0,1,0,0.0,0,0.0,0,0.0,0,5,0,5,1,0,0,0,0,0,21,70.0,0,0,0.0,0,0,21,70.0,4,30.8,8,100.0,9,100.0,9,50.0,12,100.0,0,0.0,0,0.0,0,0,0,1,0,1,21,황인재
102,6.0,0,0,0,0,0,0,0,0,0,1,0,0,0,0.0,0,0,0.0,0,0.0,0,0.0,3,0,0,2,0,0,0,0,0,0,17,61.0,0,0,0.0,0,0,17,60.7,6,35.3,5,100.0,6,100.0,14,56.0,3,100.0,0,0.0,0,0.0,0,0,0,1,0,0,1,이창근
99,5.4,0,0,0,0,0,0,0,0,0,1,0,0,0,0.0,0,0,0.0,0,0.0,0,0.0,1,4,0,3,0,0,0,0,0,0,23,85.0,0,0,0.0,0,0,23,85.2,7,63.6,9,100.0,7,100.0,6,60.0,17,100.0,0,0.0,0,0.0,0,0,0,1,0,0,21,양형모
99,7.8,0,0,0,0,0,0,0,0,0,8,0,0,0,0.0,0,0,0.0,0,0.0,0,0.0,4,3,0,4,0,0,0,0,0,0,16,46.0,0,0,0.0,0,0,16,45.7,7,26.9,5,100.0,4,100.0,14,42.4,2,100.0,0,0.0,0,0.0,0,0,0,1,0,1,1,김동준
99,6.6,0,0,0,0,0,0,0,0,0,2,0,0,0,0.0,1,0,0.0,0,0.0,0,0.0,2,3,0,1,0,0,0,0,0,0,20,91.0,0,0,0.0,0,0,20,90.9,4,66.7,4,100.0,12,100.0,13,86.7,7,100.0,0,0.0,0,0.0,0,0,0,1,0,0,1,김경민
98,8.0,0,0,0,0,0,0,0,0,0,2,0,0,0,0.0,1,0,0.0,0,0.0,1,100.0,2,3,0,4,0,0,0,0,0,0,25,78.0,0,0,0.0,0,0,25,78.1,6,50.0,10,90.9,9,100.0,9,56.2,16,100.0,0,0.0,0,0.0,0,0,0,1,0,1,21,이준
96,6.6,0,0,0,0,0,0,0,0,0,0,0,0,0,0.0,0,0,0.0,0,0.0,0,0.0,0,4,0,0,0,0,0,0,0,0,26,100.0,0,0,0.0,0,0,26,100.0,7,100.0,10,100.0,9,100.0,14,100.0,12,100.0,0,0.0,0,0.0,0,0,0,1,0,0,1,백종범
99,6.6,0,0,0,0,0,0,0,0,0,4,0,0,0,0.0,1,0,0.0,0,0.0,0,0.0,1,6,0,2,0,1,0,0,0,0,18,64.0,0,0,0.0,0,0,18,64.3,5,33.3,8,100.0,5,100.0,14,58.3,4,100.0,0,0.0,0,0.0,0,0,0,1,0,0,1,김동준
102,6.4,0,0,0,0,0,0,0,0,0,2,0,0,0,0.0,0,0,0.0,0,0.0,0,0.0,0,5,0,4,1,0,0,0,0,0,19,86.0,0,0,0.0,0,0,18,90.0,1,25.0,11,100.0,7,100.0,15,83.3,4,100.0,0,0.0,0,0.0,0,0,0,1,0,0,13,정민기
98,7.8,0,0,0,0,0,0,0,0,0,3,0,0,0,0.0,1,0,0.0,0,0.0,0,0.0,2,5,0,4,0,0,0,1,0,0,14,35.0,0,0,0.0,0,0,14,35.0,9,25.7,2,100.0,3,100.0,11,29.7,3,100.0,0,0.0,0,0.0,0,0,0,1,0,1,1,이창근
104,7.0,0,0,0,0,0,0,0,0,0,3,0,0,0,0.0,1,0,0.0,0,0.0,0,0.0,0,4,0,8,0,0,0,1,0,0,17,44.0,0,0,0.0,0,0,17,43.6,9,30.0,4,100.0,4,80.0,12,35.3,5,100.0,0,0.0,0,0.0,0,0,0,1,0,1,1,김동헌
100,7.4,0,0,0,0,0,0,0,0,0,1,0,0,0,0.0,1,0,0.0,0,0.0,0,0.0,2,4,0,7,0,0,0,0,1,0,35,92.0,0,0,0.0,0,0,35,92.1,10,76.9,16,100.0,9,100.0,17,85.0,18,100.0,0,0.0,0,0.0,0,0,0,1,0,1,21,조현우
100,7.0,0,0,0,0,0,0,0,0,0,0,0,0,0,0.0,1,0,0.0,0,0.0,0,0.0,1,7,0,5,0,0,0,0,0,0,15,63.0,0,0,0.0,0,0,15,62.5,3,25.0,9,100.0,3,100.0,7,43.8,8,100.0,0,0.0,0,0.0,0,0,0,1,0,1,21,오승훈
99,7.0,0,0,0,0,0,0,0,0,0,3,0,0,0,0.0,0,0,0.0,0,0.0,0,0.0,1,1,0,6,0,0,0,0,0,0,23,74.0,0,0,0.0,0,0,23,74.2,6,42.9,11,100.0,6,100.0,13,61.9,10,100.0,0,0.0,0,0.0,0,0,0,1,0,1,17,노동건
99,6.4,0,0,0,0,0,0,0,0,0,4,0,0,0,0.0,1,0,0.0,0,0.0,0,0.0,3,3,0,4,0,0,0,0,0,0,21,81.0,0,0,0.0,0,0,21,84.0,5,50.0,10,100.0,6,100.0,15,75.0,6,100.0,0,0.0,0,0.0,0,0,0,1,0,0,31,이광연
96,7.4,0,0,0,0,0,0,0,0,0,7,0,0,0,0.0,0,0,0.0,0,0.0,0,0.0,0,2,0,9,0,0,0,1,0,0,19,59.0,0,0,0.0,0,0,19,59.4,11,45.8,6,100.0,2,100.0,16,55.2,3,100.0,0,0.0,0,0.0,0,0,0,1,0,1,1,김동준
96,5.8,0,0,0,0,0,0,0,0,0,5,0,0,0,0.0,1,0,0.0,0,0.0,0,0.0,0,3,0,4,0,1,0,0,0,0,24,71.0,0,0,0.0,0,0,24,70.6,6,37.5,9,100.0,9,100.0,14,58.3,10,100.0,0,0.0,0,0.0,0,0,0,1,0,0,17,노동건
102,7.0,0,0,0,0,0,0,0,0,0,3,0,0,0,0.0,1,0,0.0,0,0.0,0,0.0,1,2,0,2,0,0,0,0,0,0,21,64.0,0,0,0.0,0,0,21,63.6,5,29.4,9,100.0,7,100.0,10,45.4,11,100.0,0,0.0,0,0.0,0,0,0,1,0,1,1,김정훈
97,7.0,0,0,0,0,0,0,0,0,0,2,0,0,0,0.0,1,0,0.0,0,0.0,0,0.0,1,2,0,2,0,0,0,0,0,0,15,75.0,0,0,0.0,0,0,15,75.0,3,37.5,6,100.0,6,100.0,10,66.7,5,100.0,0,0.0,0,0.0,0,0,0,1,0,1,1,김정훈
100,7.2,0,0,0,0,0,0,0,0,0,5,0,0,0,0.0,0,0,0.0,0,0.0,0,0.0,2,4,0,5,1,0,0,0,0,0,11,41.0,0,0,0.0,0,0,11,40.7,8,33.3,2,100.0,1,100.0,9,36.0,2,100.0,0,0.0,0,0.0,0,0,0,1,0,1,1,김동준
100,6.4,0,0,0,0,0,0,0,0,0,5,0,0,0,0.0,1,0,0.0,0,0.0,0,0.0,1,2,0,5,0,0,0,0,0,0,24,67.0,0,0,0.0,0,0,23,65.7,8,40.0,13,100.0,3,100.0,18,60.0,6,100.0,0,0.0,0,0.0,0,0,0,1,0,0,1,이창근
98,7.2,0,0,0,0,0,0,0,0,0,1,0,0,0,0.0,1,0,0.0,0,0.0,0,0.0,0,3,0,2,0,0,0,0,0,0,22,88.0,0,0,0.0,0,0,22,88.0,9,75.0,5,100.0,8,100.0,14,82.4,8,100.0,0,0.0,0,0.0,0,0,0,1,0,1,21,황인재
98,6.0,0,0,0,0,0,0,0,0,0,2,0,0,0,0.0,0,0,0.0,0,0.0,0,0.0,1,5,0,5,0,0,0,0,0,0,27,77.0,0,0,0.0,0,0,27,77.1,10,55.6,10,100.0,7,100.0,22,73.3,5,100.0,0,0.0,0,0.0,0,0,0,1,0,0,1,박배종
101,6.0,0,0,0,0,0,0,0,0,0,2,0,0,0,0.0,1,0,0.0,0,0.0,1,100.0,1,1,0,3,0,0,0,1,0,0,19,83.0,0,0,0.0,0,0,19,82.6,3,50.0,8,88.9,8,100.0,11,73.3,8,100.0,0,0.0,0,0.0,0,0,0,1,0,0,99,안찬기
101,5.6,0,0,0,0,0,0,0,0,0,0,0,0,0,0.0,1,0,0.0,0,0.0,0,0.0,1,2,0,1,0,0,0,0,0,0,24,96.0,0,0,0.0,0,0,23,95.8,5,100.0,11,91.7,8,100.0,20,95.2,4,100.0,0,0.0,0,0.0,0,0,0,1,0,0,21,이준
99,6.8,0,0,0,0,0,0,0,0,0,0,0,0,0,0.0,1,0,0.0,0,0.0,0,0.0,0,4,0,2,0,0,0,0,0,0,21,100.0,0,0,0.0,0,0,21,100.0,2,100.0,11,100.0,8,100.0,16,100.0,5,100.0,0,0.0,0,0.0,0,0,0,1,0,0,21,조현우
102,6.4,0,0,0,0,0,0,0,0,0,2,0,0,0,0.0,1,0,0.0,0,0.0,0,0.0,0,4,0,8,1,0,0,0,0,0,18,58.0,0,0,0.0,0,0,18,60.0,5,27.8,7,100.0,6,100.0,15,53.6,3,100.0,0,0.0,0,0.0,0,0,0,1,0,0,31,이광연
100,7.4,0,0,0,0,0,0,0,0,0,2,0,0,0,0.0,0,0,0.0,0,0.0,0,0.0,2,1,0,1,0,0,0,0,0,0,11,52.0,0,0,0.0,0,0,11,52.4,9,47.4,2,100.0,0,0.0,10,50.0,1,100.0,0,0.0,0,0.0,0,0,0,1,0,1,21,오승훈
100,6.2,0,0,0,0,0,0,0,0,0,0,0,0,0,0.0,1,0,0.0,0,0.0,0,0.0,0,0,0,4,0,0,0,0,0,0,22,100.0,0,0,0.0,0,0,21,100.0,6,100.0,11,100.0,5,100.0,19,100.0,3,100.0,0,0.0,0,0.0,1,0,0,1,0,0,1,김동준
99,7.0,0,0,0,0,0,0,0,0,0,3,0,0,0,0.0,0,0,0.0,0,0.0,0,0.0,3,0,0,4,0,0,0,0,0,0,24,75.0,0,0,0.0,0,0,24,75.0,7,46.7,12,100.0,5,100.0,10,55.6,14,100.0,0,0.0,0,0.0,0,0,0,1,0,1,21,최철원
99,6.2,0,0,0,0,0,0,0,0,0,2,0,0,0,0.0,1,0,0.0,0,0.0,0,0.0,0,1,0,4,0,0,0,0,0,0,19,56.0,0,0,0.0,0,0,19,55.9,8,36.4,6,100.0,5,83.3,16,51.6,3,100.0,0,0.0,0,0.0,0,0,0,1,0,0,1,김경민
97,7.2,0,0,0,0,0,0,0,0,0,6,0,0,0,0.0,1,0,0.0,0,0.0,0,0.0,1,7,0,1,1,0,0,1,0,0,6,23.0,0,0,0.0,0,0,6,23.1,4,16.7,2,100.0,0,0.0,6,23.1,0,0.0,0,0.0,0,0.0,0,0,0,1,0,1,1,최영은
96,7.6,0,0,0,0,0,0,0,0,0,0,0,0,0,0.0,1,0,0.0,0,0.0,1,100.0,0,2,0,1,0,0,0,0,0,0,23,100.0,0,0,0.0,0,0,23,100.0,7,100.0,9,100.0,7,100.0,13,100.0,10,100.0,0,0.0,0,0.0,0,0,0,1,0,1,21,조현우
96,6.0,0,0,0,0,0,0,0,0,0,3,0,0,0,0.0,0,0,0.0,0,0.0,0,0.0,0,1,0,2,0,0,0,1,1,0,16,67.0,0,0,0.0,0,0,16,66.7,13,61.9,2,100.0,1,100.0,16,66.7,0,0.0,0,0.0,0,0.0,0,0,0,1,0,0,21,오승훈
96,7.0,0,0,0,0,0,0,0,0,0,2,0,0,0,0.0,0,0,0.0,0,0.0,0,0.0,1,8,0,4,1,0,0,0,0,0,18,53.0,0,0,0.0,0,0,18,54.6,8,33.3,8,100.0,2,100.0,11,40.7,7,100.0,0,0.0,0,0.0,0,0,0,1,0,1,21,양형모
96,6.6,0,0,0,0,0,0,0,0,0,1,0,0,0,0.0,1,0,0.0,0,0.0,0,0.0,2,2,0,4,0,0,0,0,0,0,15,94.0,0,0,0.0,0,0,15,93.8,4,80.0,4,100.0,7,100.0,13,92.9,2,100.0,0,0.0,0,0.0,0,0,0,1,0,0,1,유상훈
103,6.4,0,0,0,0,0,0,0,0,0,0,0,0,0,0.0,0,0,0.0,0,0.0,0,0.0,1,1,0,1,0,0,0,0,0,0,15,71.0,0,0,0.0,0,0,15,71.4,7,53.8,6,100.0,2,100.0,11,64.7,4,100.0,0,0.0,0,0.0,0,0,0,1,0,0,1,김동헌
100,6.4,0,0,0,0,0,0,0,0,0,3,0,0,0,0.0,1,0,0.0,0,0.0,0,0.0,1,1,0,1,0,0,0,0,0,0,18,90.0,0,0,0.0,0,0,17,89.5,4,66.7,8,100.0,6,100.0,11,84.6,7,100.0,0,0.0,0,0.0,0,0,0,1,0,0,21,양형모
97,5.2,0,0,0,0,0,0,0,0,0,1,0,0,0,0.0,0,0,0.0,0,0.0,0,0.0,2,2,0,3,0,0,1,0,0,0,20,87.0,0,0,0.0,0,0,19,86.4,6,66.7,9,100.0,5,100.0,14,82.4,6,100.0,0,0.0,0,0.0,0,0,0,1,0,0,1,김동준
100,6.8,0,0,0,0,0,0,0,0,0,5,0,0,0,0.0,1,0,0.0,0,0.0,0,0.0,1,5,0,3,0,0,0,0,0,0,22,59.0,0,0,0.0,0,0,22,59.5,6,28.6,9,100.0,7,100.0,18,54.6,4,100.0,0,0.0,0,0.0,0,0,0,1,0,1,1,이창근
100,6.2,0,0,0,0,0,0,0,0,0,2,0,0,0,0.0,0,0,0.0,0,0.0,0,0.0,1,2,0,3,0,0,0,0,1,0,23,92.0,0,0,0.0,0,0,23,95.8,6,75.0,12,100.0,5,100.0,13,86.7,10,100.0,0,0.0,0,0.0,0,0,0,1,0,0,1,김동준
102,6.6,0,0,0,0,0,0,0,0,0,0,0,0,0,0.0,0,0,0.0,0,0.0,0,0.0,2,1,0,7,0,0,0,0,0,0,23,82.0,0,0,0.0,0,0,23,82.1,6,54.6,7,100.0,10,100.0,10,66.7,13,100.0,0,0.0,0,0.0,0,0,0,1,0,0,1,김경민
101,7.0,0,0,0,0,0,0,0,0,0,4,0,0,0,0.0,1,0,0.0,0,0.0,0,0.0,1,6,0,4,1,0,0,0,0,0,18,55.0,0,0,0.0,0,0,17,53.1,9,37.5,6,100.0,3,100.0,15,50.0,3,100.0,0,0.0,0,0.0,0,0,0,1,0,1,21,황인재
97,7.2,0,0,0,0,0,0,0,0,0,1,0,0,0,0.0,0,0,0.0,0,0.0,0,0.0,1,5,0,0,0,0,0,0,0,0,16,70.0,0,0,0.0,0,0,16,69.6,5,41.7,7,100.0,4,100.0,9,56.2,7,100.0,0,0.0,0,0.0,0,0,0,1,0,1,21,조현우
97,6.6,0,0,0,0,0,0,0,0,0,3,0,0,0,0.0,1,0,0.0,0,0.0,0,0.0,1,1,0,1,0,0,0,0,0,0,10,38.0,0,0,0.0,0,0,10,38.5,9,37.5,1,100.0,0,0.0,10,38.5,0,0.0,0,0.0,0,0.0,0,0,0,1,0,0,1,유상훈
102,6.4,0,0,0,0,0,0,0,0,0,2,0,0,0,0.0,1,0,0.0,0,0.0,0,0.0,1,2,0,0,0,0,0,0,0,0,16,76.0,0,0,0.0,0,0,16,76.2,5,50.0,8,100.0,3,100.0,9,64.3,7,100.0,0,0.0,0,0.0,0,0,0,1,0,0,13,정민기
99,7.0,0,0,0,0,0,0,0,0,0,6,0,0,0,0.0,1,0,0.0,0,0.0,0,0.0,4,2,0,8,0,0,0,0,0,0,27,59.0,0,0,0.0,0,0,27,58.7,7,26.9,16,100.0,4,100.0,18,48.6,9,100.0,0,0.0,0,0.0,0,0,0,1,0,1,1,김동준
99,6.2,0,0,0,0,0,0,0,0,0,2,0,0,0,0.0,0,0,0.0,0,0.0,0,0.0,0,3,0,0,0,0,0,0,0,0,30,77.0,0,0,0.0,0,0,30,79.0,5,35.7,17,100.0,8,100.0,18,66.7,12,100.0,0,0.0,0,0.0,0,0,0,1,0,0,21,양형모
98,7.0,0,0,0,0,0,0,0,0,0,3,0,0,0,0.0,1,0,0.0,0,0.0,0,0.0,2,2,0,5,0,0,0,0,0,0,13,52.0,0,0,0.0,0,0,13,52.0,7,36.8,3,100.0,3,100.0,9,42.9,4,100.0,0,0.0,0,0.0,0,0,0,1,0,1,1,김동준
98,5.8,0,0,0,0,0,0,0,0,0,0,0,0,0,0.0,0,0,0.0,0,0.0,0,0.0,1,2,0,4,0,0,0,0,0,0,19,63.0,0,0,0.0,0,0,19,63.3,6,35.3,11,100.0,2,100.0,9,45.0,10,100.0,0,0.0,0,0.0,0,0,0,1,0,0,21,양형모
99,7.2,0,0,0,0,0,0,0,0,0,2,0,0,0,0.0,1,0,0.0,0,0.0,0,0.0,2,1,0,7,0,0,0,1,0,0,23,66.0,0,0,0.0,0,0,23,65.7,7,38.9,13,92.9,3,100.0,12,50.0,11,100.0,0,0.0,0,0.0,0,0,0,1,0,1,21,조현우
99,6.0,0,0,0,0,0,0,0,0,0,5,0,0,0,0.0,0,0,0.0,0,0.0,0,0.0,0,2,0,3,0,1,0,0,0,0,26,87.0,0,0,0.0,0,0,26,86.7,6,60.0,11,100.0,9,100.0,15,79.0,11,100.0,0,0.0,0,0.0,0,0,0,1,0,0,1,김정훈
101,6.8,0,0,0,0,0,0,0,0,0,2,0,0,0,0.0,0,0,0.0,0,0.0,0,0.0,2,7,0,2,0,0,0,0,0,0,16,67.0,0,0,0.0,0,0,16,66.7,3,27.3,8,100.0,5,100.0,6,42.9,10,100.0,0,0.0,0,0.0,0,0,0,1,0,1,1,김정훈
101,6.4,0,0,0,0,0,0,0,0,0,2,0,0,0,0.0,1,0,0.0,0,0.0,0,0.0,2,2,0,6,0,0,0,0,0,0,25,76.0,0,0,0.0,0,0,25,78.1,7,50.0,10,100.0,8,88.9,16,66.7,9,100.0,0,0.0,0,0.0,0,0,0,1,0,0,1,김동준
107,7.4,0,0,0,0,0,0,0,0,0,4,0,0,0,0.0,1,0,0.0,0,0.0,0,0.0,0,1,0,4,0,0,0,1,0,0,17,55.0,0,0,0.0,0,0,17,54.8,8,38.1,7,87.5,2,100.0,10,41.7,7,100.0,0,0.0,0,0.0,0,0,0,1,0,1,1,이창근
103,6.0,0,0,0,0,0,0,0,0,0,3,0,0,0,0.0,1,0,0.0,0,0.0,0,0.0,0,0,0,2,0,0,0,0,0,0,20,63.0,0,0,0.0,0,0,20,62.5,5,29.4,11,100.0,4,100.0,10,45.4,10,100.0,0,0.0,0,0.0,0,0,0,1,0,0,21,양형모
101,6.8,0,0,0,0,0,0,0,0,0,2,0,0,0,0.0,0,0,0.0,0,0.0,0,0.0,0,3,0,7,0,0,0,0,0,0,27,90.0,0,0,0.0,0,0,27,90.0,6,66.7,16,100.0,5,100.0,22,88.0,5,100.0,0,0.0,0,0.0,0,0,0,1,0,0,1,김동준
97,7.0,0,0,0,0,0,0,0,0,0,3,0,0,0,0.0,0,0,0.0,0,0.0,0,0.0,1,2,0,3,0,0,0,0,0,0,18,72.0,0,0,0.0,0,0,18,72.0,5,41.7,3,100.0,10,100.0,12,63.2,6,100.0,0,0.0,0,0.0,0,0,0,1,0,1,1,김경민
47,6.2,0,0,0,0,0,0,0,0,0,1,0,0,0,0.0,1,0,0.0,0,0.0,0,0.0,1,1,0,1,0,0,0,0,0,0,5,42.0,0,0,0.0,0,0,5,41.7,2,25.0,1,50.0,2,100.0,3,30.0,2,100.0,0,0.0,0,0.0,0,0,0,1,0,0,21,오승훈
102,6.0,0,0,0,0,0,0,0,0,0,0,0,0,0,0.0,0,0,0.0,0,0.0,0,0.0,3,4,0,4,0,0,0,0,0,0,18,78.0,0,0,0.0,0,0,18,78.3,2,33.3,6,100.0,10,90.9,12,75.0,6,85.7,0,0.0,0,0.0,0,0,0,1,0,0,1,박배종
98,6.0,0,0,0,0,0,0,0,0,0,0,0,0,0,0.0,0,1,100.0,0,0.0,0,0.0,1,2,1,4,0,0,0,0,0,0,19,86.0,0,0,0.0,0,0,19,86.4,3,50.0,3,100.0,13,100.0,13,81.2,6,100.0,0,0.0,0,0.0,0,0,0,1,0,0,1,백종범
100,6.8,0,0,0,0,0,0,0,0,0,1,0,0,0,0.0,1,0,0.0,0,0.0,0,0.0,2,5,0,1,1,0,0,0,0,0,17,50.0,0,0,0.0,0,0,17,50.0,9,34.6,5,100.0,3,100.0,10,37.0,7,100.0,0,0.0,0,0.0,0,0,0,1,0,1,17,노동건
100,6.4,0,0,0,0,0,0,0,0,0,1,0,0,0,0.0,0,0,0.0,0,0.0,0,0.0,4,1,0,4,0,0,0,0,0,0,24,83.0,0,0,0.0,0,0,24,82.8,1,16.7,11,100.0,12,100.0,14,73.7,10,100.0,0,0.0,0,0.0,0,0,0,1,0,0,1,김정훈
97,7.2,0,0,0,0,0,0,0,0,0,2,0,0,0,0.0,1,0,0.0,0,0.0,0,0.0,2,5,1,2,0,0,0,0,0,0,14,61.0,0,0,0.0,0,0,14,60.9,11,55.0,2,100.0,1,100.0,10,52.6,4,100.0,0,0.0,0,0.0,0,0,0,1,0,1,1,김동준
97,6.6,0,0,0,0,0,0,0,0,0,1,0,0,0,0.0,0,0,0.0,0,0.0,0,0.0,1,1,0,4,0,0,0,0,0,0,13,50.0,0,0,0.0,0,0,13,50.0,1,7.1,4,100.0,8,100.0,8,38.1,5,100.0,0,0.0,0,0.0,0,0,0,1,0,0,21,이태희
97,6.4,0,0,0,0,0,0,0,0,0,5,0,0,0,0.0,0,0,0.0,0,0.0,0,0.0,2,0,0,3,0,0,0,0,0,0,18,56.0,0,0,0.0,0,0,18,58.1,9,40.9,8,100.0,1,50.0,11,44.0,7,100.0,0,0.0,0,0.0,0,0,0,1,0,0,17,노동건
99,7.6,0,0,0,0,0,0,0,0,0,2,0,0,0,0.0,1,0,0.0,0,0.0,0,0.0,1,5,0,1,0,0,0,0,0,0,19,76.0,0,0,0.0,0,0,18,75.0,6,50.0,11,100.0,2,100.0,14,70.0,5,100.0,0,0.0,0,0.0,0,0,0,1,0,1,1,김동준
99,6.0,0,0,0,0,0,0,0,0,0,2,0,0,0,0.0,0,0,0.0,0,0.0,0,0.0,1,4,0,3,0,0,0,0,0,0,37,90.0,0,0,0.0,0,0,37,90.2,6,60.0,21,100.0,10,100.0,20,83.3,17,100.0,0,0.0,0,0.0,0,0,0,1,0,0,1,박배종
101,6.8,0,0,0,0,0,0,0,0,0,2,0,0,0,0.0,0,0,0.0,0,0.0,0,0.0,1,0,0,6,0,0,0,0,0,0,21,84.0,0,0,0.0,0,0,20,83.3,7,63.6,6,100.0,8,100.0,13,76.5,8,100.0,0,0.0,0,0.0,0,0,0,1,0,0,1,유상훈
97,6.2,0,0,0,0,0,0,0,0,0,2,0,0,0,0.0,1,0,0.0,0,0.0,0,0.0,0,1,0,1,0,0,0,0,0,0,9,60.0,0,0,0.0,0,0,9,60.0,7,53.8,1,100.0,1,100.0,6,50.0,3,100.0,0,0.0,0,0.0,0,0,0,1,0,0,1,최영은
98,7.0,0,0,0,0,0,0,0,0,0,1,0,0,0,0.0,0,0,0.0,0,0.0,0,0.0,1,3,0,1,0,0,0,0,0,0,16,84.0,0,0,0.0,0,0,16,84.2,1,25.0,5,100.0,10,100.0,6,66.7,10,100.0,0,0.0,0,0.0,0,0,0,1,0,1,21,이준
98,6.4,0,0,0,0,0,0,0,0,0,0,1,0,0,0.0,1,0,0.0,0,0.0,0,0.0,0,0,0,4,0,0,0,0,0,0,33,92.0,0,0,0.0,0,0,32,91.4,10,76.9,16,100.0,7,100.0,14,82.4,19,100.0,0,0.0,0,0.0,1,0,0,1,0,0,1,김동준
98,7.2,0,0,0,0,0,0,0,0,0,6,0,0,0,0.0,1,0,0.0,0,0.0,0,0.0,2,6,0,3,1,0,0,1,0,0,18,51.0,0,0,0.0,0,0,18,52.9,11,39.3,7,100.0,0,0.0,11,39.3,7,100.0,0,0.0,0,0.0,0,0,0,1,0,1,1,김동준
98,6.6,0,0,0,0,0,0,0,0,0,3,0,0,0,0.0,0,0,0.0,0,0.0,0,0.0,0,5,0,4,0,0,0,0,0,0,23,82.0,0,0,0.0,0,0,22,81.5,10,66.7,6,100.0,7,100.0,15,75.0,8,100.0,0,0.0,0,0.0,0,0,0,1,0,0,21,황인재
99,7.0,0,0,0,0,0,0,0,0,0,1,0,0,0,0.0,1,0,0.0,0,0.0,0,0.0,0,1,0,1,0,0,0,0,1,0,13,62.0,0,0,0.0,0,0,13,61.9,2,20.0,6,100.0,5,100.0,8,50.0,5,100.0,0,0.0,0,0.0,0,0,0,1,0,1,21,황인재
99,6.6,0,0,0,0,0,0,0,0,0,3,0,0,0,0.0,0,0,0.0,0,0.0,0,0.0,1,5,0,1,2,0,0,0,0,0,14,74.0,0,0,0.0,0,0,14,73.7,8,61.5,4,100.0,2,100.0,12,70.6,2,100.0,0,0.0,0,0.0,0,0,0,1,0,0,21,오승훈
99,6.4,0,0,0,0,0,0,0,0,0,2,0,0,0,0.0,1,0,0.0,1,100.0,0,0.0,0,4,0,4,0,0,0,0,0,0,11,50.0,0,0,0.0,0,0,11,52.4,9,47.4,1,100.0,1,50.0,11,50.0,0,0.0,0,0.0,0,0.0,0,0,0,1,0,0,1,김동헌
104,7.2,0,0,0,0,0,0,0,0,0,1,0,0,0,0.0,1,0,0.0,0,0.0,0,0.0,0,3,0,2,0,0,0,0,0,0,35,90.0,0,0,0.0,0,0,33,89.2,5,55.6,15,100.0,15,100.0,14,77.8,21,100.0,0,0.0,0,0.0,0,0,0,1,0,1,21,조현우
104,6.4,0,0,0,0,0,0,0,0,0,2,0,0,0,0.0,0,0,0.0,0,0.0,0,0.0,1,4,0,3,0,0,0,0,0,0,23,77.0,0,0,0.0,0,0,22,81.5,8,57.1,10,90.9,5,100.0,11,61.1,12,100.0,0,0.0,0,0.0,0,0,0,1,0,0,21,황인재
100,6.4,0,0,0,0,0,0,0,0,0,7,0,0,0,0.0,0,0,0.0,0,0.0,0,0.0,1,3,0,2,0,0,0,2,0,0,17,57.0,0,0,0.0,0,0,14,51.8,7,35.0,8,100.0,2,100.0,8,38.1,9,100.0,0,0.0,0,0.0,0,0,0,1,0,0,1,유상훈
103,5.8,0,0,0,0,0,0,0,0,0,2,0,0,0,0.0,1,0,0.0,0,0.0,0,0.0,0,1,0,2,0,0,0,0,0,0,27,82.0,0,0,0.0,0,0,27,81.8,8,57.1,16,100.0,3,100.0,16,72.7,11,100.0,0,0.0,0,0.0,0,0,0,1,0,0,17,노동건
97,7.2,0,0,0,0,0,0,0,0,0,3,0,0,0,0.0,1,0,0.0,0,0.0,0,0.0,3,3,0,5,0,0,0,0,0,0,14,61.0,0,0,0.0,0,0,14,60.9,9,50.0,4,100.0,1,100.0,9,50.0,5,100.0,0,0.0,0,0.0,0,0,0,1,0,1,17,노동건
97,6.2,0,0,0,0,0,0,0,0,0,1,0,0,0,0.0,0,0,0.0,0,0.0,0,0.0,0,1,0,4,0,0,0,0,0,0,20,77.0,0,0,0.0,0,0,19,76.0,6,50.0,9,100.0,5,100.0,9,60.0,11,100.0,0,0.0,0,0.0,0,0,0,1,0,0,21,양형모
98,7.2,0,0,0,0,0,0,0,0,0,2,0,0,0,0.0,0,0,0.0,0,0.0,0,0.0,1,0,0,1,0,0,0,1,0,0,25,76.0,0,0,0.0,0,0,25,75.8,3,27.3,13,100.0,9,100.0,3,27.3,22,100.0,0,0.0,0,0.0,0,0,0,1,0,1,21,조현우
98,5.8,0,0,0,0,0,0,0,0,0,1,0,0,0,0.0,1,0,0.0,0,0.0,0,0.0,0,3,0,1,0,0,0,0,0,0,15,79.0,0,0,0.0,0,0,15,79.0,3,42.9,3,100.0,9,100.0,7,63.6,8,100.0,0,0.0,0,0.0,0,0,0,1,0,0,21,이준
98,6.0,0,0,0,0,0,0,0,0,0,1,0,0,0,0.0,0,0,0.0,0,0.0,0,0.0,1,3,0,2,0,1,0,0,0,0,19,90.0,0,0,0.0,0,0,19,90.5,3,60.0,6,100.0,10,100.0,8,80.0,11,100.0,0,0.0,0,0.0,0,0,0,1,0,0,21,이준
96,7.0,0,0,0,0,0,0,0,0,0,4,0,0,0,0.0,1,0,0.0,0,0.0,0,0.0,1,3,0,0,0,0,0,2,0,0,18,69.0,0,0,0.0,0,0,18,69.2,7,46.7,7,100.0,4,100.0,11,57.9,7,100.0,0,0.0,0,0.0,0,0,0,1,0,1,1,김정훈
96,6.6,0,0,0,0,0,0,0,0,0,0,0,0,0,0.0,0,0,0.0,0,0.0,0,0.0,2,4,0,0,0,0,0,0,0,0,27,93.0,0,0,0.0,0,0,26,92.9,3,60.0,10,100.0,14,100.0,13,86.7,14,100.0,0,0.0,0,0.0,0,0,0,1,0,0,1,김경민
98,7.2,0,0,0,0,0,0,0,0,0,5,0,0,0,0.0,0,0,0.0,0,0.0,0,0.0,0,2,0,5,0,0,0,0,0,0,27,56.0,0,0,0.0,0,0,27,56.2,13,38.2,11,100.0,3,100.0,17,44.7,10,100.0,0,0.0,0,0.0,0,0,0,1,0,1,1,이창근
98,8.0,0,0,0,0,0,0,0,0,0,1,0,0,0,0.0,1,0,0.0,0,0.0,0,0.0,3,1,0,0,0,0,1,0,1,0,15,65.0,0,0,0.0,0,0,15,65.2,7,46.7,5,100.0,3,100.0,12,60.0,3,100.0,0,0.0,0,0.0,0,0,0,1,0,1,1,김경민
98,5.6,0,0,0,0,0,0,0,0,0,0,0,0,0,0.0,0,0,0.0,0,0.0,0,0.0,1,2,0,5,0,0,0,0,0,0,21,70.0,0,0,0.0,0,0,21,70.0,8,50.0,3,75.0,10,100.0,15,62.5,6,100.0,0,0.0,0,0.0,0,0,0,1,0,0,1,김동헌
100,7.0,0,0,0,0,0,0,0,0,0,4,0,0,0,0.0,0,0,0.0,0,0.0,0,0.0,2,4,0,2,0,0,0,1,0,0,9,35.0,0,0,0.0,0,0,9,34.6,1,5.9,7,100.0,1,50.0,4,20.0,5,83.3,0,0.0,0,0.0,0,0,0,1,0,1,17,노동건
100,7.6,0,0,0,0,0,0,0,0,0,5,0,0,0,0.0,0,0,0.0,0,0.0,0,0.0,2,0,0,2,0,0,0,0,0,0,25,64.0,0,0,0.0,0,0,25,64.1,7,33.3,11,100.0,7,100.0,14,50.0,11,100.0,0,0.0,0,0.0,0,0,0,1,0,1,21,조현우
100,6.4,0,0,0,0,0,0,0,0,0,0,0,0,0,0.0,1,0,0.0,0,0.0,0,0.0,0,2,0,3,0,0,0,0,0,0,21,100.0,0,0,0.0,0,0,20,100.0,4,100.0,12,100.0,5,100.0,18,100.0,3,100.0,0,0.0,0,0.0,0,0,0,1,0,0,21,황인재
101,7.2,0,0,0,0,0,0,0,0,0,2,0,0,0,0.0,1,0,0.0,0,0.0,0,0.0,3,7,0,4,0,0,0,0,0,0,18,69.0,0,0,0.0,0,0,18,69.2,4,33.3,6,100.0,8,100.0,12,60.0,6,100.0,0,0.0,0,0.0,0,0,0,1,0,1,1,김경민
99,6.4,0,0,0,0,0,0,0,0,0,1,0,0,0,0.0,1,0,0.0,0,0.0,0,0.0,0,2,0,7,0,0,0,1,0,0,22,81.0,0,0,0.0,0,0,22,84.6,2,28.6,12,100.0,8,100.0,13,72.2,9,100.0,0,0.0,0,0.0,0,0,0,1,0,0,21,양형모
99,8.2,0,0,0,0,0,0,0,0,0,1,0,0,0,0.0,1,0,0.0,0,0.0,0,0.0,3,2,0,3,0,0,0,0,0,0,20,74.0,0,0,0.0,0,0,20,74.1,7,50.0,9,100.0,4,100.0,13,65.0,7,100.0,0,0.0,0,0.0,0,0,0,1,0,1,1,이창근
99,5.8,0,0,0,0,0,0,0,0,0,2,0,0,0,0.0,0,0,0.0,0,0.0,0,0.0,0,5,0,1,0,0,0,0,0,0,14,58.0,0,0,0.0,0,0,14,58.3,10,50.0,4,100.0,0,0.0,11,52.4,3,100.0,0,0.0,0,0.0,0,0,0,1,0,0,21,오승훈
97,6.0,0,0,0,0,0,0,0,0,0,1,0,0,0,0.0,0,0,0.0,0,0.0,0,0.0,0,1,0,7,0,0,0,0,0,0,31,82.0,0,0,0.0,0,0,31,81.6,2,25.0,14,93.3,15,100.0,17,70.8,14,100.0,0,0.0,0,0.0,0,0,0,1,0,0,1,김경민
98,7.2,0,0,0,0,0,0,0,0,0,2,0,0,0,0.0,1,0,0.0,0,0.0,0,0.0,1,4,0,3,0,0,0,0,0,0,21,70.0,0,0,0.0,0,0,21,70.0,3,25.0,12,100.0,6,100.0,12,57.1,9,100.0,0,0.0,0,0.0,0,0,0,1,0,1,21,조현우
96,7.0,0,0,0,0,0,0,0,0,0,3,0,0,0,0.0,1,0,0.0,0,0.0,0,0.0,0,1,1,2,0,0,0,1,0,0,22,71.0,0,0,0.0,0,0,22,71.0,1,12.5,11,91.7,10,90.9,13,59.1,9,100.0,0,0.0,0,0.0,0,0,0,1,0,1,1,김정훈
96,6.4,0,0,0,0,0,0,0,0,0,2,0,0,0,0.0,0,0,0.0,0,0.0,0,0.0,0,0,0,4,0,0,0,0,0,0,22,85.0,0,0,0.0,0,0,22,88.0,5,55.6,11,100.0,6,100.0,10,71.4,12,100.0,0,0.0,0,0.0,0,0,0,1,0,0,1,박배종
101,6.6,0,0,0,0,0,0,0,0,0,0,0,0,0,0.0,1,0,0.0,0,0.0,0,0.0,1,3,0,4,0,0,0,0,0,0,22,100.0,0,0,0.0,0,0,22,100.0,2,100.0,16,100.0,4,100.0,17,100.0,5,100.0,0,0.0,0,0.0,0,0,0,1,0,0,1,박배종
98,7.4,0,0,0,0,0,0,0,0,0,6,0,0,0,0.0,0,0,0.0,0,0.0,0,0.0,3,2,0,2,0,0,0,0,0,0,8,23.0,0,0,0.0,0,0,8,22.9,5,15.6,3,100.0,0,0.0,7,21.2,1,50.0,0,0.0,0,0.0,0,0,0,1,0,1,1,이창근
98,6.4,0,0,0,0,0,0,0,0,0,4,0,0,0,0.0,1,0,0.0,0,0.0,0,0.0,4,3,0,4,0,0,0,0,0,0,17,63.0,0,0,0.0,0,0,17,63.0,2,16.7,8,100.0,7,100.0,9,50.0,8,88.9,0,0.0,0,0.0,0,0,0,1,0,0,1,김정훈
98,6.0,0,0,0,0,0,0,0,0,0,1,0,0,0,0.0,1,0,0.0,0,0.0,0,0.0,1,2,0,7,0,0,1,0,0,0,22,65.0,0,0,0.0,0,0,22,64.7,4,25.0,11,100.0,7,100.0,7,36.8,15,100.0,0,0.0,0,0.0,0,0,0,1,0,0,21,최철원
100,7.2,0,0,0,0,0,0,0,0,0,5,0,0,0,0.0,0,0,0.0,0,0.0,0,0.0,2,2,0,7,0,0,0,1,0,0,7,25.0,0,0,0.0,0,0,7,25.0,4,16.0,1,100.0,2,100.0,5,19.2,2,100.0,0,0.0,0,0.0,0,0,0,1,0,1,1,김동헌
98,6.0,0,0,0,0,0,0,0,0,0,6,0,0,0,0.0,1,0,0.0,0,0.0,0,0.0,0,2,1,1,0,0,0,0,0,0,23,72.0,0,0,0.0,0,0,23,71.9,9,50.0,12,100.0,2,100.0,14,60.9,9,100.0,0,0.0,0,0.0,0,0,0,1,0,0,17,노동건
102,5.8,0,0,0,0,0,0,0,0,0,1,0,1,0,0.0,0,0,0.0,0,0.0,0,0.0,0,1,0,6,0,0,0,0,0,0,21,81.0,0,0,0.0,0,0,21,80.8,5,50.0,11,100.0,5,100.0,18,78.3,3,100.0,0,0.0,0,0.0,0,0,0,1,0,0,1,김동준
99,6.4,0,0,0,0,0,0,0,0,0,0,0,0,0,0.0,0,0,0.0,0,0.0,0,0.0,1,2,0,1,0,0,0,0,0,0,10,59.0,0,0,0.0,0,0,10,58.8,1,12.5,5,100.0,4,100.0,4,36.4,6,100.0,0,0.0,0,0.0,0,0,0,1,0,0,21,이태희
105,6.4,0,0,0,0,0,0,0,0,0,8,0,0,0,0.0,0,0,0.0,0,0.0,0,0.0,1,2,0,5,0,0,0,0,0,0,24,50.0,0,0,0.0,0,0,22,48.9,11,31.4,7,100.0,6,100.0,14,36.8,10,100.0,0,0.0,0,0.0,0,0,0,1,0,0,17,노동건
107,7.6,0,0,0,0,0,0,0,0,0,1,0,0,0,0.0,0,0,0.0,0,0.0,0,0.0,3,1,0,6,0,0,0,0,0,0,17,57.0,0,0,0.0,0,0,17,56.7,4,23.5,5,100.0,8,100.0,8,38.1,9,100.0,0,0.0,0,0.0,0,0,0,1,0,1,21,최철원
107,6.2,0,0,0,0,0,0,0,0,0,4,0,0,0,0.0,1,0,0.0,0,0.0,0,0.0,1,2,0,4,1,0,0,0,0,0,22,73.0,0,0,0.0,0,0,22,75.9,9,52.9,5,100.0,8,100.0,13,61.9,9,100.0,0,0.0,0,0.0,0,0,0,1,0,0,21,양형모
102,7.2,0,0,0,0,0,0,0,0,0,1,0,0,0,0.0,0,0,0.0,0,0.0,0,0.0,0,2,0,2,0,0,0,1,1,0,15,68.0,0,0,0.0,0,0,15,68.2,5,45.4,5,83.3,5,100.0,10,58.8,5,100.0,0,0.0,0,0.0,0,0,0,1,0,1,21,황인재
102,5.6,0,0,0,0,0,0,0,0,0,1,0,0,0,0.0,1,0,0.0,0,0.0,0,0.0,1,1,0,2,1,0,1,0,0,0,12,63.0,0,0,0.0,0,0,12,63.2,5,41.7,3,100.0,4,100.0,8,53.3,4,100.0,0,0.0,0,0.0,0,0,0,1,0,0,1,김동헌
98,7.4,0,0,0,0,0,0,0,0,0,1,0,0,0,0.0,1,0,0.0,0,0.0,0,0.0,0,2,2,3,0,0,0,0,0,0,21,84.0,1,0,0.0,0,0,21,84.0,5,55.6,11,100.0,5,100.0,11,73.3,10,100.0,0,0.0,0,0.0,0,0,0,1,0,1,21,조현우
98,6.2,0,0,0,0,0,0,0,0,0,1,0,0,0,0.0,0,0,0.0,0,0.0,0,0.0,1,3,0,4,0,0,0,0,0,0,19,63.0,0,0,0.0,0,0,19,63.3,5,31.2,11,100.0,3,100.0,10,47.6,9,100.0,0,0.0,0,0.0,0,0,0,1,0,0,21,양형모
101,6.6,0,0,0,0,0,0,0,0,0,1,0,0,0,0.0,0,0,0.0,0,0.0,0,0.0,3,3,0,3,0,0,0,0,0,0,32,91.0,0,0,0.0,0,0,32,91.4,2,40.0,19,100.0,11,100.0,24,88.9,8,100.0,0,0.0,0,0.0,0,0,0,1,0,0,1,백종범
95,7.4,0,0,0,0,0,0,0,0,0,3,0,0,0,0.0,1,0,0.0,0,0.0,0,0.0,3,4,0,1,0,0,0,0,0,0,35,70.0,0,0,0.0,0,0,35,70.0,4,21.0,12,100.0,19,100.0,10,41.7,25,96.2,0,0.0,0,0.0,0,0,0,1,0,1,1,백종범
98,7.6,0,0,0,0,0,0,0,0,0,1,0,0,0,0.0,0,0,0.0,0,0.0,0,0.0,0,1,0,3,0,0,0,0,0,0,14,54.0,0,0,0.0,0,0,14,53.8,5,31.2,4,80.0,5,100.0,11,47.8,3,100.0,0,0.0,0,0.0,0,0,0,1,0,1,1,김경민
98,6.4,0,0,0,0,0,0,0,0,0,1,0,0,0,0.0,1,0,0.0,0,0.0,0,0.0,1,0,0,4,0,0,0,0,0,0,30,75.0,0,0,0.0,0,0,30,75.0,11,52.4,12,100.0,7,100.0,10,50.0,20,100.0,0,0.0,0,0.0,0,0,0,1,0,0,21,양형모
95,7.2,0,0,0,0,0,0,0,0,0,3,0,0,0,0.0,0,0,0.0,0,0.0,0,0.0,1,0,2,8,0,0,0,0,0,0,17,63.0,0,0,0.0,0,0,17,63.0,11,52.4,5,100.0,1,100.0,14,58.3,3,100.0,0,0.0,0,0.0,0,0,0,1,0,1,51,유현
95,6.0,0,0,0,0,0,0,0,0,0,4,0,0,0,0.0,1,0,0.0,0,0.0,0,0.0,0,0,0,6,0,0,0,0,0,0,20,80.0,0,0,0.0,0,0,19,79.2,5,50.0,9,100.0,6,100.0,14,73.7,6,100.0,0,0.0,0,0.0,0,0,0,1,0,0,21,조현우
95,7.6,0,0,0,0,0,0,0,0,0,6,0,0,0,0.0,0,0,0.0,0,0.0,0,0.0,1,0,1,2,0,1,0,0,0,0,16,47.0,0,0,0.0,0,0,16,48.5,5,21.7,5,100.0,6,100.0,9,33.3,7,100.0,0,0.0,0,0.0,0,0,0,1,0,1,21,조현우
95,6.0,0,0,0,0,0,0,0,0,0,1,0,0,0,0.0,1,0,0.0,0,0.0,0,0.0,0,0,0,5,0,0,0,0,0,0,17,85.0,0,0,0.0,0,0,17,85.0,1,25.0,13,100.0,3,100.0,9,75.0,8,100.0,0,0.0,0,0.0,0,0,0,1,0,0,31,송범근
102,7.0,0,0,0,0,0,0,0,0,0,0,0,0,0,0.0,0,0,0.0,0,0.0,0,0.0,1,1,1,9,0,0,0,0,0,0,22,92.0,0,0,0.0,0,0,21,95.4,6,75.0,9,100.0,7,100.0,18,90.0,3,100.0,1,100.0,0,0.0,0,0,0,1,0,0,31,강현무
95,7.0,0,0,0,0,0,0,0,0,0,2,0,0,0,0.0,0,0,0.0,0,0.0,0,0.0,2,0,0,8,0,0,0,0,0,0,14,56.0,0,0,0.0,0,0,14,56.0,5,31.2,8,100.0,1,100.0,12,52.2,2,100.0,0,0.0,0,0.0,0,0,0,1,0,1,31,김동헌
88,6.4,0,0,0,0,0,0,0,0,0,3,0,0,0,0.0,0,0,0.0,0,0.0,0,0.0,0,2,0,7,0,1,0,0,0,0,17,61.0,0,0,0.0,0,0,16,64.0,12,52.2,2,100.0,3,100.0,16,59.3,1,100.0,0,0.0,0,0.0,0,0,0,1,0,0,1,이창근
96,7.2,0,0,0,0,0,0,0,0,0,4,0,0,0,0.0,1,0,0.0,0,0.0,0,0.0,0,0,0,8,0,0,0,0,0,0,14,52.0,0,0,0.0,0,0,14,53.8,9,45.0,3,60.0,2,100.0,13,50.0,1,100.0,0,0.0,0,0.0,0,0,0,1,0,1,1,이창근
97,7.2,0,0,0,0,0,0,0,0,0,1,0,0,0,0.0,0,0,0.0,0,0.0,0,0.0,0,1,0,5,0,0,0,0,0,0,28,90.0,0,0,0.0,0,0,28,90.3,4,57.1,13,100.0,11,100.0,10,76.9,18,100.0,0,0.0,0,0.0,0,0,0,1,0,1,21,조현우
97,6.6,0,0,0,0,0,0,0,0,0,4,0,0,0,0.0,1,0,0.0,0,0.0,0,0.0,0,0,0,5,0,0,0,0,0,0,11,46.0,0,0,0.0,0,0,11,45.8,8,40.0,2,100.0,1,50.0,10,43.5,1,100.0,0,0.0,0,0.0,0,0,0,1,0,0,21,오승훈
95,7.8,0,0,0,0,0,0,0,0,0,6,0,0,0,0.0,0,0,0.0,0,0.0,0,0.0,1,0,0,5,0,0,0,1,0,0,18,58.0,0,0,0.0,0,0,18,58.1,9,40.9,5,100.0,4,100.0,12,48.0,6,100.0,0,0.0,0,0.0,0,0,0,1,0,1,21,조현우
95,6.4,0,0,0,0,0,0,0,0,0,3,0,0,0,0.0,1,0,0.0,0,0.0,0,0.0,0,0,0,4,0,0,0,0,0,0,13,48.0,0,0,0.0,0,0,13,48.2,13,48.2,0,0.0,0,0.0,13,48.2,0,0.0,0,0.0,0,0.0,0,0,0,1,0,0,41,김영광
94,7.2,0,0,0,0,0,0,0,0,0,7,0,0,0,0.0,1,0,0.0,0,0.0,0,0.0,2,1,0,6,0,0,0,0,0,0,17,50.0,0,0,0.0,0,0,17,50.0,12,42.9,1,50.0,4,100.0,15,46.9,2,100.0,0,0.0,0,0.0,0,0,0,1,0,1,21,이태희
94,6.4,0,0,0,0,0,0,0,0,0,1,0,0,0,0.0,0,0,0.0,0,0.0,0,0.0,0,0,0,3,0,0,0,0,0,0,20,95.0,0,0,0.0,0,0,20,95.2,0,0.0,8,100.0,12,100.0,16,94.1,4,100.0,0,0.0,0,0.0,0,0,0,1,0,0,1,최영은
96,7.2,0,0,0,0,0,0,0,0,0,9,0,0,0,0.0,0,1,50.0,0,0.0,0,0.0,0,0,2,8,0,0,0,0,0,0,21,47.0,0,0,0.0,0,0,21,46.7,2,8.3,13,86.7,6,100.0,12,33.3,9,100.0,0,0.0,0,0.0,0,0,0,1,0,1,21,양한빈
96,6.8,0,0,0,0,0,0,0,0,0,5,0,0,0,0.0,0,1,100.0,0,0.0,0,0.0,0,2,0,8,0,0,0,1,0,0,17,43.0,0,0,0.0,0,0,16,41.0,15,40.5,2,100.0,0,0.0,14,37.8,3,100.0,0,0.0,0,0.0,0,0,0,1,0,1,1,최영은
96,6.2,0,0,0,0,0,0,0,0,0,5,0,0,0,0.0,1,0,0.0,0,0.0,0,0.0,1,1,0,4,0,0,0,0,0,0,9,43.0,0,0,0.0,0,0,9,42.9,6,33.3,1,100.0,2,100.0,6,33.3,3,100.0,0,0.0,0,0.0,0,0,0,1,0,0,77,윤보상
96,5.6,0,0,0,0,0,0,0,0,0,0,0,0,0,0.0,0,0,0.0,0,0.0,0,0.0,0,1,1,12,0,0,0,0,0,0,24,60.0,0,0,0.0,0,0,24,60.0,7,30.4,13,100.0,4,100.0,17,51.5,7,100.0,0,0.0,0,0.0,0,0,0,1,0,0,21,양한빈
98,7.2,0,0,0,0,0,0,0,0,0,4,0,0,0,0.0,1,0,0.0,0,0.0,0,0.0,3,0,0,5,0,0,0,1,0,0,9,36.0,0,0,0.0,0,0,9,36.0,6,27.3,3,100.0,0,0.0,7,30.4,2,100.0,0,0.0,0,0.0,0,0,0,1,0,1,41,김영광
96,7.2,0,0,0,0,0,0,0,0,0,4,0,0,0,0.0,0,0,0.0,0,0.0,0,0.0,0,1,0,6,0,0,0,0,0,0,22,88.0,0,0,0.0,0,0,22,88.0,8,72.7,10,100.0,4,100.0,15,83.3,7,100.0,0,0.0,0,0.0,0,0,0,1,0,1,31,송범근
94,7.0,0,0,0,0,0,0,0,0,0,6,0,0,0,0.0,0,0,0.0,0,0.0,0,0.0,0,0,0,13,0,0,0,1,1,0,26,62.0,0,0,0.0,0,0,26,61.9,7,31.8,12,92.3,7,100.0,12,44.4,14,93.3,0,0.0,0,0.0,0,0,0,1,0,1,25,이범수
94,6.4,0,0,0,0,0,0,0,0,0,1,0,0,0,0.0,1,0,0.0,0,0.0,0,0.0,0,0,0,0,0,0,0,0,0,0,13,76.0,0,0,0.0,0,0,13,76.5,8,66.7,4,100.0,1,100.0,10,71.4,3,100.0,0,0.0,0,0.0,0,0,0,1,0,0,41,김영광
95,7.0,0,0,0,0,0,0,0,0,0,7,0,0,0,0.0,1,0,0.0,0,0.0,0,0.0,0,2,0,4,0,0,0,0,0,0,20,56.0,0,0,0.0,0,0,20,57.1,12,42.9,5,100.0,3,100.0,15,48.4,5,100.0,0,0.0,0,0.0,0,0,0,1,0,1,31,강현무
95,6.4,0,0,0,0,0,0,0,0,0,5,0,0,0,0.0,0,0,0.0,0,0.0,0,0.0,0,0,0,5,0,0,0,0,0,0,18,69.0,0,0,0.0,0,0,18,69.2,6,46.2,8,88.9,4,100.0,12,60.0,6,100.0,0,0.0,0,0.0,0,0,0,1,0,0,51,유현
97,7.2,0,0,0,0,0,0,0,0,0,6,0,0,0,0.0,1,0,0.0,0,0.0,1,100.0,2,2,1,4,0,0,0,0,0,0,23,61.0,1,0,0.0,0,0,23,60.5,8,34.8,7,100.0,8,100.0,11,42.3,12,100.0,0,0.0,0,0.0,0,0,0,1,0,1,25,이범수
97,5.8,0,0,0,0,0,0,0,0,0,2,0,0,0,0.0,0,0,0.0,0,0.0,0,0.0,0,0,0,9,0,1,0,0,0,0,25,83.0,0,0,0.0,0,0,25,83.3,9,64.3,12,100.0,4,100.0,18,78.3,7,100.0,0,0.0,0,0.0,0,0,0,1,0,0,1,최영은
98,7.2,0,0,0,0,0,0,0,0,0,2,0,0,0,0.0,0,0,0.0,0,0.0,0,0.0,1,0,0,7,0,0,0,0,0,0,15,44.0,0,0,0.0,0,0,15,44.1,9,32.1,4,100.0,2,100.0,13,40.6,2,100.0,0,0.0,0,0.0,0,0,0,1,0,1,21,양형모
98,5.8,0,0,0,0,0,0,0,0,0,5,0,0,0,0.0,1,1,100.0,0,0.0,0,0.0,0,1,0,6,0,1,0,0,0,0,18,72.0,0,0,0.0,0,0,18,72.0,5,45.4,9,100.0,4,80.0,11,64.7,7,87.5,0,0.0,0,0.0,0,0,0,1,0,0,1,최영은
97,6.2,0,0,0,0,0,0,0,0,0,1,0,0,0,0.0,1,0,0.0,0,0.0,0,0.0,1,0,0,2,0,0,0,0,0,0,21,88.0,0,0,0.0,0,0,21,87.5,3,50.0,13,100.0,5,100.0,16,84.2,5,100.0,0,0.0,0,0.0,0,0,0,1,0,0,21,오승훈
95,7.0,0,0,0,0,0,0,0,0,0,3,0,0,0,0.0,0,0,0.0,0,0.0,0,0.0,0,0,0,6,0,0,0,0,0,0,26,68.0,0,0,0.0,0,0,26,68.4,4,26.7,12,92.3,10,100.0,17,58.6,9,100.0,0,0.0,0,0.0,0,0,0,1,0,1,31,송범근
95,6.0,0,0,0,0,0,0,0,0,0,1,0,0,0,0.0,1,0,0.0,0,0.0,0,0.0,0,0,0,2,0,0,0,1,0,0,15,83.0,0,0,0.0,0,0,15,83.3,4,57.1,9,100.0,2,100.0,6,66.7,9,100.0,0,0.0,0,0.0,0,0,0,1,0,0,31,강현무
99,7.4,0,0,0,0,0,0,0,0,0,6,0,0,0,0.0,1,0,0.0,0,0.0,0,0.0,2,0,0,5,0,0,0,2,0,0,26,90.0,0,0,0.0,0,0,26,89.7,7,70.0,11,100.0,8,100.0,13,81.2,13,100.0,0,0.0,0,0.0,0,0,0,1,0,1,21,조현우
99,6.0,0,0,0,0,0,0,0,0,0,2,0,0,0,0.0,0,0,0.0,0,0.0,0,0.0,0,0,0,3,0,0,0,0,0,0,10,34.0,0,0,0.0,0,0,10,34.5,6,24.0,3,100.0,1,100.0,8,29.6,2,100.0,0,0.0,0,0.0,0,0,0,1,0,0,1,이창근
98,6.8,0,0,0,0,0,0,0,0,0,1,0,0,0,0.0,0,1,100.0,0,0.0,1,100.0,0,0,1,8,0,0,0,0,0,0,20,83.0,0,0,0.0,0,0,20,83.3,8,66.7,9,100.0,3,100.0,14,77.8,6,100.0,0,0.0,0,0.0,0,0,0,1,0,1,21,양한빈
98,6.4,0,0,0,0,0,0,0,0,0,6,0,0,0,0.0,1,0,0.0,0,0.0,1,100.0,0,1,0,0,0,0,0,0,0,0,15,48.0,0,0,0.0,0,0,15,48.4,12,42.9,2,100.0,1,100.0,11,40.7,4,100.0,0,0.0,0,0.0,0,0,0,1,0,0,19,노동건
94,7.2,0,0,0,0,0,0,0,0,0,4,0,0,0,0.0,1,0,0.0,0,0.0,0,0.0,1,0,0,6,0,0,0,0,0,0,16,57.0,0,0,0.0,0,0,16,57.1,5,29.4,7,100.0,4,100.0,7,36.8,9,100.0,0,0.0,0,0.0,0,0,0,1,0,1,25,이범수
94,7.0,0,0,0,0,0,0,0,0,0,4,0,0,0,0.0,1,1,100.0,0,0.0,1,100.0,0,0,1,4,0,1,0,0,0,0,13,54.0,0,0,0.0,0,0,13,54.2,10,50.0,3,100.0,0,0.0,13,54.2,0,0.0,0,0.0,0,0.0,0,0,0,1,0,1,1,최영은
97,6.2,0,0,0,0,0,0,0,0,0,2,0,0,0,0.0,1,0,0.0,0,0.0,0,0.0,0,0,0,6,0,0,0,0,0,0,20,80.0,0,0,0.0,0,0,20,80.0,4,44.4,13,100.0,3,100.0,14,73.7,6,100.0,0,0.0,0,0.0,0,0,0,1,0,0,1,박배종
94,7.6,0,0,0,0,0,0,0,0,0,1,0,0,0,0.0,1,0,0.0,0,0.0,0,0.0,0,0,0,3,0,0,0,0,1,0,24,83.0,0,0,0.0,0,0,24,82.8,7,58.3,13,100.0,4,100.0,11,68.8,13,100.0,0,0.0,0,0.0,0,0,0,1,0,1,21,조현우
94,5.6,0,0,0,0,0,0,0,0,0,4,0,0,0,0.0,0,1,100.0,0,0.0,1,100.0,0,1,0,2,0,0,0,0,0,0,17,68.0,0,0,0.0,0,0,17,68.0,8,50.0,6,100.0,3,100.0,13,61.9,4,100.0,0,0.0,0,0.0,0,0,0,1,0,0,77,윤보상
96,7.0,0,0,0,0,0,0,0,0,0,1,0,0,0,0.0,1,0,0.0,0,0.0,0,0.0,1,0,1,4,0,0,0,0,0,0,16,67.0,0,0,0.0,0,0,16,66.7,6,42.9,8,100.0,2,100.0,14,63.6,2,100.0,0,0.0,0,0.0,0,0,0,1,0,1,1,박배종
98,7.0,0,0,0,0,0,0,0,0,0,4,0,0,0,0.0,0,0,0.0,0,0.0,0,0.0,1,0,0,9,0,0,0,0,0,0,27,64.0,0,0,0.0,0,0,27,64.3,9,37.5,11,100.0,7,100.0,18,54.6,9,100.0,0,0.0,0,0.0,0,0,0,1,0,1,21,조현우
96,7.2,0,0,0,0,0,0,0,0,0,1,0,0,0,0.0,1,0,0.0,0,0.0,0,0.0,0,0,1,9,0,0,0,0,0,0,11,61.0,0,0,0.0,0,0,11,61.1,3,30.0,5,100.0,3,100.0,8,53.3,3,100.0,0,0.0,0,0.0,0,0,0,1,0,1,21,오승훈
96,6.4,0,0,0,0,0,0,0,0,0,8,0,0,0,0.0,0,0,0.0,0,0.0,0,0.0,0,0,0,6,0,0,0,0,0,0,13,34.0,0,0,0.0,0,0,13,35.1,11,30.6,2,100.0,0,0.0,12,32.4,1,100.0,0,0.0,0,0.0,0,0,0,1,0,0,21,양형모
98,5.6,0,0,0,0,0,0,0,0,0,3,0,0,0,0.0,1,0,0.0,0,0.0,0,0.0,0,1,0,5,0,0,0,0,0,0,20,80.0,0,0,0.0,0,0,20,80.0,7,58.3,11,100.0,2,100.0,15,75.0,5,100.0,0,0.0,0,0.0,0,0,0,1,0,0,1,최영은
95,6.2,0,0,0,0,0,0,0,0,0,5,0,0,0,0.0,0,2,100.0,0,0.0,1,100.0,1,1,0,7,0,0,0,0,0,0,21,75.0,0,0,0.0,0,0,21,75.0,4,36.4,13,100.0,4,100.0,11,61.1,10,100.0,0,0.0,0,0.0,0,0,0,1,0,0,25,이범수
95,5.8,0,0,0,0,0,0,0,0,0,4,0,0,0,0.0,1,0,0.0,0,0.0,0,0.0,1,1,0,5,0,0,0,0,0,0,20,67.0,0,0,0.0,0,0,20,66.7,1,9.1,9,100.0,10,100.0,9,47.4,11,100.0,0,0.0,0,0.0,0,0,0,1,0,0,21,김정호
96,6.4,0,0,0,0,0,0,0,0,0,3,0,0,0,0.0,0,0,0.0,0,0.0,0,0.0,1,0,1,4,0,0,0,0,0,0,12,60.0,0,0,0.0,0,0,12,60.0,10,55.6,1,100.0,1,100.0,9,52.9,3,100.0,0,0.0,0,0.0,0,0,0,1,0,0,77,윤보상
98,7.0,0,0,0,0,0,0,0,0,0,4,0,0,0,0.0,1,0,0.0,0,0.0,0,0.0,1,0,1,4,0,0,0,0,0,0,8,33.0,0,0,0.0,0,0,7,30.4,7,30.4,0,0.0,1,100.0,8,33.3,0,0.0,0,0.0,0,0.0,0,0,0,1,0,1,41,김영광
98,6.0,0,0,0,0,0,0,0,0,0,3,0,0,0,0.0,0,0,0.0,0,0.0,0,0.0,2,0,2,7,0,1,0,0,0,0,16,57.0,0,0,0.0,0,0,16,57.1,6,33.3,5,100.0,5,100.0,11,50.0,5,83.3,0,0.0,0,0.0,0,0,0,1,0,0,77,윤보상
98,6.0,0,0,0,0,0,0,0,0,0,4,0,0,0,0.0,0,0,0.0,0,0.0,0,0.0,2,1,2,10,0,0,0,0,0,0,15,48.0,0,0,0.0,0,0,15,48.4,3,15.8,9,100.0,3,100.0,7,30.4,8,100.0,0,0.0,0,0.0,0,0,0,1,0,0,21,김정호
94,7.8,0,0,0,0,0,0,0,0,0,5,0,0,0,0.0,1,0,0.0,0,0.0,0,0.0,2,0,0,9,0,0,0,1,0,0,21,78.0,0,0,0.0,0,0,21,77.8,8,57.1,10,100.0,3,100.0,18,75.0,3,100.0,0,0.0,0,0.0,0,0,0,1,0,1,51,유현
98,7.4,0,0,0,0,0,0,0,0,0,5,0,0,0,0.0,1,0,0.0,0,0.0,0,0.0,0,1,0,9,0,0,0,0,1,0,12,46.0,0,0,0.0,0,0,12,46.2,12,46.2,0,0.0,0,0.0,12,46.2,0,0.0,0,0.0,0,0.0,0,0,0,1,0,1,41,김영광
98,6.8,0,0,0,0,0,0,0,0,0,3,0,0,0,0.0,0,0,0.0,0,0.0,0,0.0,1,0,1,7,0,0,0,1,0,0,18,90.0,0,0,0.0,0,0,18,94.7,4,66.7,9,100.0,5,100.0,11,84.6,7,100.0,0,0.0,0,0.0,0,0,0,1,0,0,1,윤평국
95,7.2,0,0,0,0,0,0,0,0,0,3,0,0,0,0.0,1,0,0.0,0,0.0,0,0.0,0,0,0,6,0,0,0,0,0,0,7,30.0,0,0,0.0,0,0,7,33.3,4,20.0,3,100.0,0,0.0,7,30.4,0,0.0,0,0.0,0,0.0,0,0,0,1,0,1,1,이창근
95,7.2,0,0,0,0,0,0,0,0,0,1,0,0,0,0.0,1,0,0.0,0,0.0,0,0.0,2,0,0,8,0,0,0,0,0,0,9,36.0,0,0,0.0,0,0,9,36.0,6,27.3,3,100.0,0,0.0,9,36.0,0,0.0,0,0.0,0,0.0,0,0,0,1,0,1,21,이태희
97,7.0,0,0,0,0,0,0,0,0,0,1,0,0,0,0.0,1,1,100.0,0,0.0,1,100.0,0,1,1,5,0,0,0,0,0,0,13,93.0,0,0,0.0,0,0,13,92.9,2,66.7,7,100.0,4,100.0,5,83.3,8,100.0,0,0.0,0,0.0,0,0,0,1,0,0,31,강현무
97,7.4,0,0,0,0,0,0,0,0,0,1,0,0,0,0.0,0,0,0.0,0,0.0,0,0.0,1,0,0,8,0,0,0,0,0,0,26,87.0,0,0,0.0,0,0,26,86.7,6,60.0,15,100.0,5,100.0,12,75.0,14,100.0,0,0.0,0,0.0,0,0,0,1,0,1,31,송범근
97,7.0,0,0,0,0,0,0,0,0,0,2,0,0,0,0.0,1,0,0.0,0,0.0,0,0.0,0,0,0,9,0,0,0,0,1,0,24,73.0,0,0,0.0,0,0,24,72.7,6,40.0,13,100.0,5,100.0,15,62.5,9,100.0,0,0.0,0,0.0,0,0,0,1,0,0,21,양한빈
99,6.6,0,0,0,0,0,0,0,0,0,3,0,0,0,0.0,0,0,0.0,0,0.0,0,0.0,0,0,0,5,0,0,0,0,0,0,12,57.0,0,0,0.0,0,0,12,57.1,6,40.0,4,100.0,2,100.0,9,50.0,3,100.0,0,0.0,0,0.0,0,0,0,1,0,0,41,김영광
95,5.8,0,0,0,0,0,0,0,0,0,0,0,0,0,0.0,1,0,0.0,0,0.0,0,0.0,1,1,0,7,0,0,0,0,0,0,18,86.0,0,0,0.0,0,0,18,85.7,5,62.5,7,100.0,6,100.0,14,82.4,4,100.0,0,0.0,0,0.0,0,0,0,1,0,0,1,박배종
96,7.2,0,0,0,0,0,0,0,0,0,7,0,0,0,0.0,0,0,0.0,0,0.0,0,0.0,2,0,0,7,0,0,0,1,0,0,11,41.0,0,0,0.0,0,0,11,40.7,9,36.0,2,100.0,0,0.0,7,30.4,4,100.0,0,0.0,0,0.0,0,0,0,1,0,1,77,윤보상
96,6.0,0,0,0,0,0,0,0,0,0,2,0,0,0,0.0,0,0,0.0,0,0.0,0,0.0,1,0,0,5,0,0,0,0,0,0,8,53.0,0,0,0.0,0,0,8,53.3,0,0.0,1,100.0,7,100.0,6,46.2,2,100.0,0,0.0,0,0.0,0,0,0,1,0,0,21,이태희
96,7.0,0,0,0,0,0,0,0,0,0,3,0,0,0,0.0,1,0,0.0,0,0.0,0,0.0,1,0,1,4,0,0,0,0,0,0,20,80.0,0,0,0.0,0,0,20,80.0,4,44.4,9,100.0,7,100.0,12,70.6,8,100.0,0,0.0,0,0.0,0,0,0,1,0,1,31,송범근
96,6.0,0,0,0,0,0,0,0,0,0,2,0,0,0,0.0,0,1,100.0,0,0.0,0,0.0,0,0,1,7,0,0,0,0,0,0,15,68.0,0,0,0.0,0,0,15,68.2,9,56.2,3,100.0,3,100.0,12,63.2,3,100.0,0,0.0,0,0.0,0,0,0,1,0,0,31,강현무
94,7.0,0,0,0,0,0,0,0,0,0,2,0,0,0,0.0,1,0,0.0,0,0.0,0,0.0,1,0,0,2,0,0,0,0,0,0,14,58.0,0,0,0.0,0,0,14,58.3,11,52.4,3,100.0,0,0.0,11,52.4,3,100.0,0,0.0,0,0.0,0,0,0,1,0,1,31,강현무
94,6.8,0,0,0,0,0,0,0,0,0,6,0,0,0,0.0,0,0,0.0,0,0.0,0,0.0,1,0,0,11,0,0,0,0,0,0,18,56.0,0,0,0.0,0,0,18,58.1,15,51.7,2,100.0,1,100.0,16,53.3,2,100.0,0,0.0,0,0.0,0,0,0,1,0,1,31,김동헌
95,5.4,0,0,0,0,0,0,0,0,0,2,0,0,0,0.0,1,0,0.0,0,0.0,0,0.0,1,0,0,5,0,0,0,0,0,0,10,43.0,0,0,0.0,0,0,10,43.5,3,18.8,6,100.0,1,100.0,9,40.9,1,100.0,0,0.0,0,0.0,0,0,0,1,0,0,21,양형모
96,6.0,0,0,0,0,0,0,0,0,0,4,0,0,0,0.0,1,0,0.0,0,0.0,0,0.0,1,1,0,5,0,0,0,0,0,0,11,34.0,0,0,0.0,0,0,11,34.4,6,22.2,4,100.0,1,100.0,8,27.6,3,100.0,0,0.0,0,0.0,0,0,0,1,0,0,41,조성훈
98,7.0,0,0,0,0,0,0,0,0,0,3,0,0,0,0.0,0,0,0.0,0,0.0,0,0.0,1,0,1,4,0,0,0,0,0,0,14,54.0,0,0,0.0,0,0,14,53.8,10,45.4,4,100.0,0,0.0,11,47.8,3,100.0,0,0.0,0,0.0,0,0,0,1,0,0,77,윤보상
96,6.4,0,0,0,0,0,0,0,0,0,2,0,0,0,0.0,0,0,0.0,0,0.0,0,0.0,0,0,0,5,0,0,0,0,0,0,16,73.0,0,0,0.0,0,0,16,72.7,5,45.4,4,100.0,7,100.0,12,66.7,4,100.0,0,0.0,0,0.0,0,0,0,1,0,0,1,박배종
98,6.2,0,0,0,0,0,0,0,0,0,1,0,0,0,0.0,0,0,0.0,0,0.0,0,0.0,0,0,0,8,0,0,1,0,0,0,20,69.0,0,0,0.0,0,0,20,69.0,12,57.1,5,100.0,3,100.0,18,66.7,2,100.0,0,0.0,0,0.0,0,0,0,1,0,0,1,최영은
97,7.2,0,0,0,0,0,0,0,0,0,5,0,0,0,0.0,1,1,100.0,0,0.0,0,0.0,0,0,1,10,0,0,0,0,0,0,15,50.0,0,0,0.0,0,0,15,50.0,6,28.6,4,100.0,5,100.0,11,42.3,4,100.0,0,0.0,0,0.0,0,0,0,1,0,1,21,이태희
97,6.2,0,0,0,0,0,0,0,0,0,2,0,0,0,0.0,0,0,0.0,0,0.0,0,0.0,0,0,0,7,0,0,0,0,0,0,21,81.0,0,0,0.0,0,0,21,80.8,4,44.4,8,100.0,9,100.0,15,75.0,6,100.0,0,0.0,0,0.0,0,0,0,1,0,0,41,김영광
97,7.4,0,0,0,0,0,0,0,0,0,4,0,0,0,0.0,1,0,0.0,0,0.0,0,0.0,0,1,0,5,0,0,0,0,0,0,26,74.0,0,0,0.0,0,0,26,74.3,5,35.7,5,100.0,16,100.0,12,57.1,14,100.0,0,0.0,0,0.0,0,0,0,1,0,1,21,조현우
94,5.4,0,0,0,0,0,0,0,0,0,0,0,0,0,0.0,1,0,0.0,0,0.0,0,0.0,0,1,0,10,0,0,0,0,0,0,15,48.0,0,0,0.0,0,0,15,48.4,8,33.3,5,100.0,2,100.0,14,46.7,1,100.0,0,0.0,0,0.0,0,0,0,1,0,0,1,최영은
100,5.4,0,0,0,0,0,0,0,0,0,1,0,0,0,0.0,0,0,0.0,0,0.0,0,0.0,0,1,0,8,0,0,0,0,0,0,16,44.0,0,0,0.0,0,0,16,44.4,6,23.1,6,100.0,4,100.0,15,42.9,1,100.0,0,0.0,0,0.0,0,0,0,1,0,0,21,양한빈
98,6.0,0,0,0,0,0,0,0,0,0,4,0,0,0,0.0,1,0,0.0,0,0.0,0,0.0,3,0,0,8,0,0,0,1,0,0,20,71.0,0,0,0.0,0,0,20,71.4,10,55.6,7,100.0,3,100.0,14,63.6,6,100.0,0,0.0,0,0.0,0,0,0,1,0,0,21,이태희
95,6.6,0,0,0,0,0,0,0,0,0,4,0,0,0,0.0,0,0,0.0,0,0.0,0,0.0,1,0,0,6,0,0,0,0,0,0,26,76.0,0,0,0.0,0,0,26,76.5,8,50.0,7,100.0,11,100.0,18,69.2,8,100.0,0,0.0,0,0.0,0,0,0,1,0,1,41,김영광
95,6.0,0,0,0,0,0,0,0,0,0,4,0,0,0,0.0,1,0,0.0,0,0.0,0,0.0,2,0,2,16,0,0,0,0,0,0,19,61.0,0,0,0.0,0,0,19,61.3,10,45.4,5,100.0,4,100.0,13,52.0,6,100.0,0,0.0,0,0.0,0,0,0,1,0,0,51,유현
97,7.2,0,0,0,0,0,0,0,0,0,4,0,0,0,0.0,1,0,0.0,0,0.0,0,0.0,0,0,0,5,0,0,0,0,0,0,12,50.0,0,0,0.0,0,0,12,50.0,5,29.4,5,100.0,2,100.0,9,42.9,3,100.0,0,0.0,0,0.0,0,0,0,1,0,1,31,송범근
97,5.2,0,0,0,0,0,0,0,0,0,0,0,0,0,0.0,0,0,0.0,0,0.0,0,0.0,1,0,0,7,0,1,0,0,0,0,20,63.0,0,0,0.0,0,0,20,62.5,7,36.8,10,100.0,3,100.0,13,52.0,7,100.0,0,0.0,0,0.0,0,0,0,1,0,0,27,문경건
97,7.2,0,0,0,0,0,0,0,0,0,3,0,0,0,0.0,0,0,0.0,0,0.0,0,0.0,1,1,0,14,0,1,0,0,0,0,19,53.0,0,0,0.0,0,0,19,52.8,14,46.7,5,83.3,0,0.0,17,50.0,2,100.0,0,0.0,0,0.0,0,0,0,1,0,1,1,최영은
97,6.4,0,0,0,0,0,0,0,0,0,4,0,0,0,0.0,1,1,100.0,0,0.0,0,0.0,0,0,1,4,0,0,0,0,0,0,10,59.0,0,0,0.0,0,0,10,58.8,6,46.2,3,100.0,1,100.0,8,53.3,2,100.0,0,0.0,0,0.0,0,0,0,1,0,0,51,유현
96,7.4,0,0,0,0,0,0,0,0,0,4,0,0,0,0.0,0,0,0.0,0,0.0,0,0.0,0,1,0,5,0,0,0,0,0,0,19,63.0,0,0,0.0,0,0,19,63.3,4,28.6,13,100.0,2,66.7,9,45.0,10,100.0,0,0.0,0,0.0,0,0,0,1,0,1,31,송범근
96,7.2,0,0,0,0,0,0,0,0,0,4,0,0,0,0.0,1,0,0.0,0,0.0,0,0.0,3,1,0,5,0,0,0,0,0,0,14,50.0,0,0,0.0,0,0,14,50.0,12,48.0,2,66.7,0,0.0,14,50.0,0,0.0,0,0.0,0,0.0,0,0,0,1,0,0,1,윤평국
97,7.0,0,0,0,0,0,0,0,0,0,5,0,0,0,0.0,1,0,0.0,0,0.0,0,0.0,1,0,1,7,0,0,0,0,0,0,11,35.0,0,0,0.0,0,0,11,35.5,6,23.1,5,100.0,0,0.0,6,23.1,5,100.0,0,0.0,0,0.0,0,0,0,1,0,1,1,박배종
104,7.0,0,0,0,0,0,0,0,0,0,4,0,0,0,0.0,1,0,0.0,0,0.0,0,0.0,1,0,0,6,0,0,0,0,0,0,18,53.0,0,0,0.0,0,0,18,52.9,11,40.7,6,100.0,1,100.0,12,42.9,6,100.0,0,0.0,0,0.0,0,0,0,1,0,1,1,박배종
96,6.2,0,0,0,0,0,0,0,0,0,2,0,0,0,0.0,1,1,100.0,0,0.0,0,0.0,1,0,0,6,0,0,0,0,0,0,15,65.0,0,0,0.0,0,0,15,65.2,3,27.3,7,100.0,5,100.0,8,50.0,7,100.0,0,0.0,0,0.0,0,0,0,1,0,0,77,윤보상
96,8.0,0,0,0,0,0,0,0,0,0,0,0,0,0,0.0,1,0,0.0,0,0.0,0,0.0,1,0,0,2,0,0,0,0,0,0,29,85.0,0,0,0.0,0,0,29,85.3,5,50.0,16,100.0,8,100.0,8,61.5,21,100.0,0,0.0,0,0.0,0,0,0,1,0,1,21,조현우
96,7.2,0,0,0,0,0,0,0,0,0,8,0,0,0,0.0,0,0,0.0,0,0.0,0,0.0,0,1,0,9,0,0,0,1,1,0,11,38.0,0,0,0.0,0,0,11,37.9,9,33.3,0,0.0,2,100.0,9,33.3,2,100.0,0,0.0,0,0.0,0,0,0,1,0,1,31,강현무
96,5.6,0,0,0,0,0,0,0,0,0,1,0,0,0,0.0,1,0,0.0,0,0.0,0,0.0,2,0,0,6,0,0,0,0,0,0,28,100.0,0,0,0.0,0,0,28,100.0,2,100.0,14,100.0,12,100.0,19,100.0,9,100.0,0,0.0,0,0.0,0,0,0,1,0,0,31,송범근
95,6.4,0,0,0,0,0,0,0,0,0,4,0,0,0,0.0,0,0,0.0,0,0.0,0,0.0,0,0,0,6,0,0,0,0,0,0,12,48.0,0,0,0.0,0,0,12,48.0,8,38.1,1,100.0,3,100.0,11,45.8,1,100.0,0,0.0,0,0.0,0,0,0,1,0,0,1,최영은
96,7.0,0,0,0,0,0,0,0,0,0,2,0,0,0,0.0,1,0,0.0,0,0.0,0,0.0,0,0,1,3,0,0,0,0,0,0,17,77.0,0,0,0.0,0,0,17,77.3,8,61.5,8,100.0,1,100.0,9,64.3,8,100.0,0,0.0,0,0.0,0,0,0,1,0,1,21,조현우
102,6.0,0,0,0,0,0,0,0,0,0,4,0,0,0,0.0,0,0,0.0,0,0.0,0,0.0,0,1,0,6,0,0,0,0,0,0,16,80.0,0,0,0.0,0,0,15,79.0,4,50.0,8,100.0,4,100.0,11,73.3,5,100.0,0,0.0,0,0.0,0,0,0,1,0,0,25,이범수
97,7.0,0,0,0,0,0,0,0,0,0,3,0,0,0,0.0,0,0,0.0,0,0.0,0,0.0,0,2,0,3,0,0,0,1,0,0,14,61.0,0,0,0.0,0,0,14,60.9,6,40.0,4,100.0,4,100.0,11,55.0,3,100.0,0,0.0,0,0.0,0,0,0,1,0,1,21,이준
97,6.8,0,0,0,0,0,0,0,0,0,1,0,0,0,0.0,1,0,0.0,0,0.0,0,0.0,2,0,0,7,0,1,0,0,0,0,17,71.0,0,0,0.0,0,0,17,70.8,8,53.3,8,100.0,1,100.0,9,56.2,8,100.0,0,0.0,0,0.0,0,0,0,1,0,0,1,윤평국
95,7.4,0,0,0,0,0,0,0,0,0,4,0,0,0,0.0,0,0,0.0,0,0.0,0,0.0,0,0,0,4,0,0,0,0,0,0,9,39.0,0,0,0.0,0,0,9,39.1,6,30.0,3,100.0,0,0.0,7,33.3,2,100.0,0,0.0,0,0.0,0,0,0,1,0,1,21,오승훈
97,7.0,0,0,0,0,0,0,0,0,0,3,0,0,0,0.0,1,0,0.0,0,0.0,0,0.0,1,0,0,4,0,0,0,0,0,0,18,90.0,0,0,0.0,0,0,17,89.5,3,60.0,6,100.0,9,100.0,10,83.3,8,100.0,0,0.0,0,0.0,0,0,0,1,0,1,31,송범근
97,6.4,0,0,0,0,0,0,0,0,0,5,0,0,0,0.0,0,0,0.0,0,0.0,0,0.0,1,2,0,3,0,1,0,0,0,0,11,50.0,0,0,0.0,0,0,11,50.0,5,31.2,4,100.0,2,100.0,7,38.9,4,100.0,0,0.0,0,0.0,0,0,0,1,0,0,21,양형모
95,5.8,0,0,0,0,0,0,0,0,0,2,0,0,0,0.0,1,0,0.0,0,0.0,0,0.0,0,0,0,5,0,0,0,0,0,0,21,91.0,0,0,0.0,0,0,21,91.3,5,71.4,12,100.0,4,100.0,11,84.6,10,100.0,0,0.0,0,0.0,0,0,0,1,0,0,31,강현무
97,7.0,0,0,0,0,0,0,0,0,0,5,0,0,0,0.0,1,0,0.0,0,0.0,0,0.0,0,0,0,4,0,0,0,1,0,0,12,60.0,0,0,0.0,0,0,12,60.0,3,27.3,5,100.0,4,100.0,10,55.6,2,100.0,0,0.0,0,0.0,0,0,0,1,0,1,41,김영광
97,5.8,0,0,0,0,0,0,0,0,0,6,0,0,0,0.0,0,0,0.0,0,0.0,0,0.0,0,0,1,5,0,0,0,0,0,0,18,58.0,0,0,0.0,0,0,18,60.0,13,52.0,4,100.0,1,50.0,14,51.8,4,100.0,0,0.0,0,0.0,0,0,0,1,0,0,1,황인재
97,9.0,0,0,0,0,0,0,0,0,0,1,0,0,0,0.0,0,0,0.0,0,0.0,0,0.0,0,0,2,3,0,0,0,0,0,0,19,73.0,0,0,0.0,0,0,19,73.1,2,22.2,11,100.0,6,100.0,6,46.2,13,100.0,0,0.0,0,0.0,0,0,0,1,0,1,21,조현우
99,5.6,0,0,0,0,0,0,0,0,0,1,0,0,0,0.0,1,0,0.0,0,0.0,0,0.0,0,0,1,4,0,0,0,0,0,0,6,40.0,0,0,0.0,0,0,6,40.0,2,18.2,3,100.0,1,100.0,5,35.7,1,100.0,0,0.0,0,0.0,0,0,0,1,0,0,77,윤보상
98,6.0,0,0,0,0,0,0,0,0,0,2,0,0,0,0.0,1,0,0.0,0,0.0,0,0.0,1,2,1,3,0,0,1,1,0,1,22,85.0,0,0,0.0,0,0,22,84.6,9,69.2,12,100.0,1,100.0,14,77.8,8,100.0,0,0.0,0,0.0,0,0,0,1,0,0,21,이준
95,7.8,0,0,0,0,0,0,0,0,0,2,0,0,0,0.0,0,1,100.0,0,0.0,2,100.0,3,0,1,9,0,0,0,0,1,0,16,48.0,0,0,0.0,0,0,16,48.5,7,29.2,5,100.0,4,100.0,13,43.3,3,100.0,0,0.0,0,0.0,0,0,0,1,0,1,31,김동헌
95,5.6,0,0,0,0,0,0,0,0,0,2,0,0,0,0.0,1,0,0.0,0,0.0,0,0.0,0,0,0,8,0,0,0,0,0,0,21,72.0,0,0,0.0,0,0,20,71.4,10,55.6,5,100.0,6,100.0,16,66.7,5,100.0,0,0.0,0,0.0,0,0,0,1,0,0,1,이창근
81,6.2,0,0,0,0,0,0,0,0,0,0,0,0,0,0.0,0,0,0.0,0,0.0,0,0.0,0,0,0,6,0,0,0,0,0,0,18,90.0,0,0,0.0,0,0,18,90.0,2,50.0,8,100.0,8,100.0,14,87.5,4,100.0,0,0.0,0,0.0,0,0,0,1,0,0,1,최영은
74,5.6,0,0,0,0,0,0,0,0,0,1,0,0,0,0.0,1,0,0.0,0,0.0,0,0.0,0,0,0,6,0,0,0,0,0,0,15,83.0,0,0,0.0,0,0,15,83.3,2,66.7,9,90.0,4,80.0,7,77.8,8,88.9,0,0.0,0,0.0,0,0,0,1,0,0,31,송범근
97,7.4,0,0,0,0,0,0,0,0,0,1,0,0,0,0.0,1,0,0.0,0,0.0,0,0.0,0,0,1,2,0,0,0,0,0,0,18,86.0,0,0,0.0,0,0,18,85.7,1,25.0,6,100.0,11,100.0,8,72.7,10,100.0,0,0.0,0,0.0,0,0,0,1,0,1,21,조현우
97,6.0,0,0,0,0,0,0,0,0,0,8,0,0,0,0.0,0,0,0.0,0,0.0,0,0.0,0,0,0,11,0,0,0,0,0,0,15,48.0,0,0,0.0,0,0,14,46.7,8,33.3,5,100.0,2,100.0,10,38.5,5,100.0,0,0.0,0,0.0,0,0,0,1,0,0,19,노동건
95,6.4,0,0,0,0,0,0,0,0,0,0,0,0,0,0.0,0,0,0.0,0,0.0,0,0.0,1,0,2,7,0,0,0,0,0,0,14,58.0,0,0,0.0,0,0,14,58.3,5,33.3,4,100.0,5,100.0,10,50.0,4,100.0,0,0.0,0,0.0,0,0,0,1,0,0,41,김영광
96,6.4,0,0,0,0,0,0,0,0,0,3,0,0,0,0.0,1,0,0.0,0,0.0,0,0.0,0,0,0,4,0,0,0,0,0,0,10,63.0,0,0,0.0,0,0,10,62.5,5,45.4,3,100.0,2,100.0,9,60.0,1,100.0,0,0.0,0,0.0,0,0,0,1,0,0,41,김영광
95,7.4,0,0,0,0,0,0,0,0,0,3,0,0,0,0.0,0,0,0.0,0,0.0,0,0.0,0,1,0,7,0,0,0,0,0,0,24,65.0,0,0,0.0,0,0,24,64.9,12,50.0,11,91.7,1,100.0,16,55.2,8,100.0,0,0.0,0,0.0,0,0,0,1,0,1,21,조현우
95,5.8,0,0,0,0,0,0,0,0,0,2,0,0,0,0.0,1,0,0.0,0,0.0,0,0.0,0,1,0,7,0,0,1,0,1,0,19,73.0,0,0,0.0,0,0,19,73.1,5,45.4,9,100.0,5,83.3,12,63.2,7,100.0,0,0.0,0,0.0,0,0,0,1,0,0,51,유현
98,7.0,0,0,0,0,0,0,0,0,0,0,0,0,0,0.0,0,0,0.0,0,0.0,0,0.0,0,0,0,6,0,0,0,0,0,0,18,95.0,0,0,0.0,0,0,18,94.7,6,100.0,4,100.0,8,88.9,11,91.7,7,100.0,0,0.0,0,0.0,0,0,0,1,0,1,25,이범수
95,7.2,0,0,0,0,0,0,0,0,0,2,0,0,0,0.0,0,0,0.0,0,0.0,0,0.0,3,1,0,6,0,0,0,0,0,0,11,39.0,0,0,0.0,0,0,11,39.3,3,15.0,5,100.0,3,100.0,8,32.0,3,100.0,0,0.0,0,0.0,0,0,0,1,0,1,31,김동헌
95,5.6,0,0,0,0,0,0,0,0,0,4,0,0,0,0.0,1,0,0.0,0,0.0,0,0.0,1,0,0,11,0,0,0,1,0,0,23,68.0,0,0,0.0,0,0,23,67.6,8,42.1,11,100.0,4,100.0,16,59.3,7,100.0,0,0.0,0,0.0,0,0,0,1,0,0,21,양형모
95,6.8,0,0,0,0,0,0,0,0,0,1,0,0,0,0.0,1,0,0.0,0,0.0,0,0.0,0,0,0,7,0,0,0,0,0,0,15,75.0,0,0,0.0,0,0,15,75.0,6,54.6,7,100.0,2,100.0,8,61.5,7,100.0,0,0.0,0,0.0,0,0,0,1,0,0,21,양한빈
95,7.2,0,0,0,0,0,0,0,0,0,4,0,0,0,0.0,1,0,0.0,0,0.0,0,0.0,1,2,0,9,0,0,0,0,0,0,13,38.0,0,0,0.0,0,0,13,38.2,6,22.2,5,100.0,2,100.0,8,27.6,5,100.0,0,0.0,0,0.0,0,0,0,1,0,1,21,오승훈
95,6.2,0,0,0,0,0,0,0,0,0,4,0,0,0,0.0,0,0,0.0,0,0.0,0,0.0,1,0,0,9,0,0,0,1,0,0,25,78.0,0,0,0.0,0,0,25,78.1,7,53.8,14,93.3,4,100.0,15,68.2,10,100.0,0,0.0,0,0.0,0,0,0,1,0,0,21,양한빈
96,5.8,0,0,0,0,0,0,0,0,0,0,0,0,0,0.0,0,0,0.0,0,0.0,0,0.0,1,0,0,6,0,0,0,0,0,0,11,61.0,0,0,0.0,0,0,11,61.1,1,12.5,2,100.0,8,100.0,2,22.2,9,100.0,0,0.0,0,0.0,0,0,0,1,0,0,21,이준
97,6.2,0,0,1,0,0,1,1,0,0,2,0,0,0,0.0,1,0,0.0,0,0.0,0,0.0,1,0,0,8,0,1,0,0,0,0,15,65.0,0,0,0.0,0,0,15,65.2,4,33.3,9,100.0,2,100.0,11,57.9,4,100.0,0,0.0,0,0.0,0,0,0,1,0,0,21,오승훈
96,5.8,0,0,0,0,0,0,0,0,0,0,0,0,0,0.0,1,0,0.0,0,0.0,0,0.0,0,0,0,4,0,0,0,0,0,0,15,63.0,0,0,0.0,0,0,15,62.5,4,33.3,9,90.0,2,100.0,10,55.6,5,83.3,0,0.0,0,0.0,0,0,0,1,0,0,41,조성훈
96,7.8,0,0,0,0,0,0,0,0,0,2,0,0,0,0.0,1,0,0.0,0,0.0,0,0.0,1,0,0,2,0,0,0,0,0,0,13,76.0,0,0,0.0,0,0,13,76.5,4,50.0,6,100.0,3,100.0,7,63.6,6,100.0,0,0.0,0,0.0,0,0,0,1,0,1,19,노동건
93,6.8,0,0,0,0,0,0,0,0,0,2,0,0,0,0.0,1,0,0.0,0,0.0,0,0.0,0,0,0,3,0,0,0,0,0,0,12,46.0,0,0,0.0,0,0,12,46.2,9,39.1,3,100.0,0,0.0,9,39.1,3,100.0,0,0.0,0,0.0,0,0,0,1,0,1,31,송범근
95,8.0,0,0,0,0,0,0,0,0,0,2,0,0,0,0.0,1,0,0.0,0,0.0,0,0.0,2,1,0,5,0,0,0,0,0,0,17,55.0,0,0,0.0,0,0,17,54.8,8,36.4,6,100.0,3,100.0,11,44.0,6,100.0,0,0.0,0,0.0,0,0,0,1,0,1,51,유현
95,6.2,0,0,0,0,0,0,0,0,0,2,0,0,0,0.0,0,0,0.0,0,0.0,0,0.0,2,0,0,9,0,0,0,0,0,0,16,73.0,0,0,0.0,0,0,16,72.7,5,45.4,6,100.0,5,100.0,13,68.4,3,100.0,0,0.0,0,0.0,0,0,0,1,0,0,19,노동건
98,7.4,0,0,0,0,0,0,0,0,0,4,0,0,0,0.0,1,0,0.0,0,0.0,0,0.0,0,0,0,3,0,0,0,0,0,0,7,33.0,0,0,0.0,0,0,7,33.3,4,22.2,2,100.0,1,100.0,5,26.3,2,100.0,0,0.0,0,0.0,0,0,0,1,0,1,41,김영광
97,7.4,0,0,0,0,0,0,0,0,0,2,0,0,0,0.0,0,0,0.0,0,0.0,0,0.0,1,0,2,6,0,0,0,0,0,0,13,57.0,0,0,0.0,0,0,13,56.5,7,41.2,5,100.0,1,100.0,8,44.4,5,100.0,0,0.0,0,0.0,0,0,0,1,0,1,31,강현무
97,6.8,0,0,0,0,0,0,0,0,0,1,0,0,0,0.0,1,0,0.0,0,0.0,0,0.0,1,0,0,10,0,0,0,0,0,0,16,57.0,0,0,0.0,0,0,16,57.1,4,25.0,7,100.0,5,100.0,10,45.4,6,100.0,0,0.0,0,0.0,0,0,0,1,0,0,1,유상훈
102,7.0,0,0,0,0,0,0,0,0,0,0,0,0,0,0.0,1,0,0.0,0,0.0,0,0.0,2,0,0,7,0,0,0,0,0,0,15,71.0,0,0,0.0,0,0,15,71.4,6,54.6,8,100.0,1,50.0,8,57.1,7,100.0,0,0.0,0,0.0,0,0,0,1,0,1,31,강현무
101,7.2,0,0,0,0,0,0,0,0,0,4,0,0,0,0.0,1,0,0.0,0,0.0,0,0.0,1,2,0,13,0,0,0,0,0,0,27,75.0,0,0,0.0,0,0,27,75.0,9,50.0,11,100.0,7,100.0,21,70.0,6,100.0,0,0.0,0,0.0,0,0,0,1,0,1,31,김동헌
95,7.2,0,0,0,0,0,0,0,0,0,2,0,0,0,0.0,0,0,0.0,0,0.0,0,0.0,0,2,1,4,0,0,0,0,0,0,15,60.0,0,0,0.0,0,0,15,60.0,6,37.5,9,100.0,0,0.0,12,54.6,3,100.0,0,0.0,0,0.0,0,0,0,1,0,1,21,양한빈
103,7.0,0,0,0,0,0,0,0,0,0,3,0,0,0,0.0,0,0,0.0,0,0.0,0,0.0,0,0,0,6,0,0,0,1,0,0,13,72.0,0,0,0.0,0,0,13,72.2,5,50.0,4,100.0,4,100.0,10,66.7,3,100.0,0,0.0,0,0.0,0,0,0,1,0,0,21,오승훈
97,7.6,0,0,0,0,0,0,0,0,0,4,0,0,0,0.0,0,0,0.0,0,0.0,0,0.0,2,1,0,8,0,0,0,0,0,0,12,35.0,0,0,0.0,0,0,12,35.3,8,26.7,4,100.0,0,0.0,11,33.3,1,100.0,0,0.0,0,0.0,0,0,0,1,0,1,31,강현무
96,7.4,0,0,0,0,0,0,0,0,0,3,0,0,0,0.0,1,0,0.0,0,0.0,0,0.0,1,0,0,6,0,0,0,2,0,0,11,41.0,0,0,0.0,0,0,11,40.7,9,36.0,2,100.0,0,0.0,11,40.7,0,0.0,0,0.0,0,0.0,0,0,0,1,0,1,41,김영광
95,6.8,0,0,0,0,0,0,0,0,0,0,0,0,0,0.0,0,0,0.0,0,0.0,0,0.0,2,0,1,9,0,0,0,0,0,0,13,72.0,0,0,0.0,0,0,13,72.2,4,44.4,8,100.0,1,100.0,10,66.7,3,100.0,0,0.0,0,0.0,0,0,0,1,0,1,21,오승훈
95,6.6,0,0,0,0,0,0,0,0,0,1,0,0,0,0.0,1,0,0.0,0,0.0,0,0.0,0,0,0,7,0,0,0,0,0,0,10,45.0,0,0,0.0,0,0,10,45.4,5,31.2,5,83.3,0,0.0,3,21.4,7,87.5,0,0.0,0,0.0,0,0,0,1,0,0,1,윤평국
94,8.0,0,0,0,0,0,0,0,0,0,0,0,0,0,0.0,1,0,0.0,0,0.0,0,0.0,1,0,0,2,0,0,0,0,0,0,26,81.0,0,0,0.0,0,0,26,81.2,5,45.4,17,100.0,4,100.0,11,64.7,15,100.0,0,0.0,0,0.0,0,0,0,1,0,1,21,조현우
98,6.6,0,0,0,0,0,0,0,0,0,3,0,0,0,0.0,0,0,0.0,0,0.0,0,0.0,0,0,0,5,0,0,0,0,0,0,12,63.0,0,0,0.0,0,0,11,61.1,6,46.2,4,100.0,2,100.0,11,61.1,1,100.0,0,0.0,0,0.0,0,0,0,1,0,0,19,노동건
96,5.8,0,0,0,0,0,0,0,0,0,2,0,0,0,0.0,1,0,0.0,0,0.0,0,0.0,0,0,0,4,0,0,0,0,0,0,16,62.0,0,0,0.0,0,0,16,61.5,8,44.4,4,100.0,4,100.0,12,57.1,4,80.0,0,0.0,0,0.0,0,0,0,1,0,0,41,김영광
96,7.0,0,0,0,0,0,0,0,0,0,5,0,0,0,0.0,1,0,0.0,0,0.0,0,0.0,0,1,0,12,0,0,0,0,0,0,10,29.0,0,0,0.0,0,0,10,28.6,9,26.5,1,100.0,0,0.0,10,28.6,0,0.0,0,0.0,0,0.0,0,0,0,1,0,1,1,최영은
96,6.4,0,0,0,0,0,0,0,0,0,0,0,0,0,0.0,0,0,0.0,0,0.0,0,0.0,1,0,0,5,0,0,0,0,0,0,17,89.0,0,0,0.0,0,0,17,89.5,2,50.0,10,100.0,5,100.0,13,86.7,4,100.0,0,0.0,0,0.0,0,0,0,1,0,0,21,조현우
97,7.6,0,0,0,0,0,0,0,0,0,4,0,0,0,0.0,0,0,0.0,0,0.0,0,0.0,1,0,1,8,0,0,0,1,1,0,12,41.0,0,0,0.0,0,0,12,41.4,8,32.0,3,100.0,1,100.0,9,34.6,3,100.0,0,0.0,0,0.0,0,0,0,1,0,1,1,윤평국
97,6.2,0,0,0,0,0,0,0,0,0,0,0,0,0,0.0,1,0,0.0,0,0.0,0,0.0,0,1,0,5,0,0,0,0,0,0,17,74.0,0,0,0.0,0,0,17,73.9,3,33.3,12,100.0,2,100.0,14,70.0,3,100.0,0,0.0,0,0.0,0,0,0,1,0,0,1,최영은
87,7.2,0,0,0,0,0,0,0,0,0,2,0,0,0,0.0,0,0,0.0,0,0.0,0,0.0,0,2,0,3,0,0,0,0,0,0,15,94.0,0,0,0.0,0,0,15,93.8,2,66.7,8,100.0,5,100.0,5,83.3,10,100.0,0,0.0,0,0.0,0,0,0,1,0,1,31,송범근
94,5.6,0,0,0,0,0,0,0,0,0,0,0,0,0,0.0,1,0,0.0,0,0.0,0,0.0,1,1,0,5,0,0,0,0,0,0,10,45.0,0,0,0.0,0,0,10,45.4,4,25.0,4,100.0,2,100.0,10,45.4,0,0.0,0,0.0,0,0.0,0,0,0,1,0,0,21,양형모
95,6.0,0,0,0,0,0,0,0,0,0,2,0,0,0,0.0,0,0,0.0,0,0.0,0,0.0,1,0,1,11,0,0,0,0,0,0,24,69.0,0,0,0.0,0,0,24,68.6,8,42.1,6,100.0,10,100.0,18,64.3,6,85.7,0,0.0,0,0.0,0,0,0,1,0,0,1,박배종
97,7.0,0,0,0,0,0,0,0,0,0,2,0,0,0,0.0,0,0,0.0,0,0.0,0,0.0,0,0,0,2,0,0,0,0,1,0,13,57.0,0,0,0.0,0,0,13,59.1,7,41.2,5,100.0,1,100.0,10,50.0,3,100.0,0,0.0,0,0.0,0,0,0,1,0,1,41,김영광
98,5.4,0,0,0,0,0,0,0,0,0,6,0,0,0,0.0,1,0,0.0,0,0.0,0,0.0,0,0,0,4,0,1,0,0,0,0,15,47.0,0,0,0.0,0,0,15,46.9,5,23.8,7,87.5,3,100.0,7,29.2,8,100.0,0,0.0,0,0.0,0,0,0,1,0,0,1,윤평국
96,7.4,0,0,0,0,0,0,0,0,0,3,0,0,0,0.0,0,0,0.0,0,0.0,0,0.0,1,0,0,7,0,0,0,1,0,0,13,50.0,0,0,0.0,0,0,13,50.0,6,33.3,3,75.0,4,100.0,11,45.8,2,100.0,0,0.0,0,0.0,0,0,0,1,0,1,21,양형모
